,region,GHG,1990,2005,2010,2015,2020,2025,2030,2035,2040,2045,2050,2055,2060,2065,2070,2075,2080,2085,2090,2095,2100
0,Africa_Eastern,CO2,3.666666667,3.666666667,3.666666667,3.666666667,3.666666667,3.666666667,3.666666667,3.666667,3.666667,3.666667,3.666667,3.666667,3.666667,3.666667,3.666667,3.666667,3.666667,3.666667,3.666667,3.666667,3.666667
1,Africa_Eastern,CH4,25.0,25.0,25.0,25.0,25.0,25.0,25.0,0.0,0.0,0.0,0.0,0.0,0.0,0.0,0.0,0.0,0.0,0.0,0.0,0.0,0.0
2,Africa_Eastern,N2O,298.0,298.0,298.0,298.0,298.0,298.0,298.0,0.0,0.0,0.0,0.0,0.0,0.0,0.0,0.0,0.0,0.0,0.0,0.0,0.0,0.0
3,Africa_Eastern,C2F6,12.2,12.2,12.2,12.2,12.2,12.2,12.2,0.0,0.0,0.0,0.0,0.0,0.0,0.0,0.0,0.0,0.0,0.0,0.0,0.0,0.0
4,Africa_Eastern,CF4,7.39,7.39,7.39,7.39,7.39,7.39,7.39,0.0,0.0,0.0,0.0,0.0,0.0,0.0,0.0,0.0,0.0,0.0,0.0,0.0,0.0
5,Africa_Eastern,HFC125,3.5,3.5,3.5,3.5,3.5,3.5,3.5,0.0,0.0,0.0,0.0,0.0,0.0,0.0,0.0,0.0,0.0,0.0,0.0,0.0,0.0
6,Africa_Eastern,HFC134a,1.43,1.43,1.43,1.43,1.43,1.43,1.43,0.0,0.0,0.0,0.0,0.0,0.0,0.0,0.0,0.0,0.0,0.0,0.0,0.0,0.0
7,Africa_Eastern,HFC245fa,1.03,1.03,1.03,1.03,1.03,1.03,1.03,0.0,0.0,0.0,0.0,0.0,0.0,0.0,0.0,0.0,0.0,0.0,0.0,0.0,0.0
8,Africa_Eastern,SF6,22.8,22.8,22.8,22.8,22.8,22.8,22.8,0.0,0.0,0.0,0.0,0.0,0.0,0.0,0.0,0.0,0.0,0.0,0.0,0.0,0.0
9,Africa_Eastern,CH4_AWB,25.0,25.0,25.0,25.0,25.0,25.0,25.0,0.0,0.0,0.0,0.0,0.0,0.0,0.0,0.0,0.0,0.0,0.0,0.0,0.0,0.0
10,Africa_Eastern,CH4_AGR,25.0,25.0,25.0,25.0,25.0,25.0,25.0,0.0,0.0,0.0,0.0,0.0,0.0,0.0,0.0,0.0,0.0,0.0,0.0,0.0,0.0
11,Africa_Eastern,N2O_AWB,298.0,298.0,298.0,298.0,298.0,298.0,298.0,0.0,0.0,0.0,0.0,0.0,0.0,0.0,0.0,0.0,0.0,0.0,0.0,0.0,0.0
12,Africa_Eastern,N2O_AGR,298.0,298.0,298.0,298.0,298.0,298.0,298.0,0.0,0.0,0.0,0.0,0.0,0.0,0.0,0.0,0.0,0.0,0.0,0.0,0.0,0.0
13,Africa_Eastern,CO2_LUC,0.0,0.0,0.0,0.0,0.0,0.0,0.0,0.0,0.0,0.0,0.0,0.0,0.0,0.0,0.0,0.0,0.0,0.0,0.0,0.0,0.0
14,Africa_Eastern,HFC143a,4.47,4.47,4.47,4.47,4.47,4.47,4.47,0.0,0.0,0.0,0.0,0.0,0.0,0.0,0.0,0.0,0.0,0.0,0.0,0.0,0.0
15,Africa_Eastern,HFC152a,0.124,0.124,0.124,0.124,0.124,0.124,0.124,0.0,0.0,0.0,0.0,0.0,0.0,0.0,0.0,0.0,0.0,0.0,0.0,0.0,0.0
16,Africa_Eastern,HFC227ea,3.22,3.22,3.22,3.22,3.22,3.22,3.22,0.0,0.0,0.0,0.0,0.0,0.0,0.0,0.0,0.0,0.0,0.0,0.0,0.0,0.0
17,Africa_Eastern,HFC23,14.8,14.8,14.8,14.8,14.8,14.8,14.8,0.0,0.0,0.0,0.0,0.0,0.0,0.0,0.0,0.0,0.0,0.0,0.0,0.0,0.0
18,Africa_Eastern,HFC236fa,9.81,9.81,9.81,9.81,9.81,9.81,9.81,0.0,0.0,0.0,0.0,0.0,0.0,0.0,0.0,0.0,0.0,0.0,0.0,0.0,0.0
19,Africa_Eastern,HFC32,0.675,0.675,0.675,0.675,0.675,0.675,0.675,0.0,0.0,0.0,0.0,0.0,0.0,0.0,0.0,0.0,0.0,0.0,0.0,0.0,0.0
20,Africa_Eastern,HFC365mfc,0.794,0.794,0.794,0.794,0.794,0.794,0.794,0.0,0.0,0.0,0.0,0.0,0.0,0.0,0.0,0.0,0.0,0.0,0.0,0.0,0.0
21,Africa_Northern,CO2,3.666666667,3.666666667,3.666666667,3.666666667,3.666666667,3.666666667,3.666666667,3.666667,3.666667,3.666667,3.666667,3.666667,3.666667,3.666667,3.666667,3.666667,3.666667,3.666667,3.666667,3.666667,3.666667
22,Africa_Northern,CH4,25.0,25.0,25.0,25.0,25.0,25.0,25.0,0.0,0.0,0.0,0.0,0.0,0.0,0.0,0.0,0.0,0.0,0.0,0.0,0.0,0.0
23,Africa_Northern,N2O,298.0,298.0,298.0,298.0,298.0,298.0,298.0,0.0,0.0,0.0,0.0,0.0,0.0,0.0,0.0,0.0,0.0,0.0,0.0,0.0,0.0
24,Africa_Northern,C2F6,12.2,12.2,12.2,12.2,12.2,12.2,12.2,0.0,0.0,0.0,0.0,0.0,0.0,0.0,0.0,0.0,0.0,0.0,0.0,0.0,0.0
25,Africa_Northern,CF4,7.39,7.39,7.39,7.39,7.39,7.39,7.39,0.0,0.0,0.0,0.0,0.0,0.0,0.0,0.0,0.0,0.0,0.0,0.0,0.0,0.0
26,Africa_Northern,HFC125,3.5,3.5,3.5,3.5,3.5,3.5,3.5,0.0,0.0,0.0,0.0,0.0,0.0,0.0,0.0,0.0,0.0,0.0,0.0,0.0,0.0
27,Africa_Northern,HFC134a,1.43,1.43,1.43,1.43,1.43,1.43,1.43,0.0,0.0,0.0,0.0,0.0,0.0,0.0,0.0,0.0,0.0,0.0,0.0,0.0,0.0
28,Africa_Northern,HFC245fa,1.03,1.03,1.03,1.03,1.03,1.03,1.03,0.0,0.0,0.0,0.0,0.0,0.0,0.0,0.0,0.0,0.0,0.0,0.0,0.0,0.0
29,Africa_Northern,SF6,22.8,22.8,22.8,22.8,22.8,22.8,22.8,0.0,0.0,0.0,0.0,0.0,0.0,0.0,0.0,0.0,0.0,0.0,0.0,0.0,0.0
30,Africa_Northern,CH4_AWB,25.0,25.0,25.0,25.0,25.0,25.0,25.0,0.0,0.0,0.0,0.0,0.0,0.0,0.0,0.0,0.0,0.0,0.0,0.0,0.0,0.0
31,Africa_Northern,CH4_AGR,25.0,25.0,25.0,25.0,25.0,25.0,25.0,0.0,0.0,0.0,0.0,0.0,0.0,0.0,0.0,0.0,0.0,0.0,0.0,0.0,0.0
32,Africa_Northern,N2O_AWB,298.0,298.0,298.0,298.0,298.0,298.0,298.0,0.0,0.0,0.0,0.0,0.0,0.0,0.0,0.0,0.0,0.0,0.0,0.0,0.0,0.0
33,Africa_Northern,N2O_AGR,298.0,298.0,298.0,298.0,298.0,298.0,298.0,0.0,0.0,0.0,0.0,0.0,0.0,0.0,0.0,0.0,0.0,0.0,0.0,0.0,0.0
34,Africa_Northern,CO2_LUC,0.0,0.0,0.0,0.0,0.0,0.0,0.0,0.0,0.0,0.0,0.0,0.0,0.0,0.0,0.0,0.0,0.0,0.0,0.0,0.0,0.0
35,Africa_Northern,HFC143a,4.47,4.47,4.47,4.47,4.47,4.47,4.47,0.0,0.0,0.0,0.0,0.0,0.0,0.0,0.0,0.0,0.0,0.0,0.0,0.0,0.0
36,Africa_Northern,HFC152a,0.124,0.124,0.124,0.124,0.124,0.124,0.124,0.0,0.0,0.0,0.0,0.0,0.0,0.0,0.0,0.0,0.0,0.0,0.0,0.0,0.0
37,Africa_Northern,HFC227ea,3.22,3.22,3.22,3.22,3.22,3.22,3.22,0.0,0.0,0.0,0.0,0.0,0.0,0.0,0.0,0.0,0.0,0.0,0.0,0.0,0.0
38,Africa_Northern,HFC23,14.8,14.8,14.8,14.8,14.8,14.8,14.8,0.0,0.0,0.0,0.0,0.0,0.0,0.0,0.0,0.0,0.0,0.0,0.0,0.0,0.0
39,Africa_Northern,HFC236fa,9.81,9.81,9.81,9.81,9.81,9.81,9.81,0.0,0.0,0.0,0.0,0.0,0.0,0.0,0.0,0.0,0.0,0.0,0.0,0.0,0.0
40,Africa_Northern,HFC32,0.675,0.675,0.675,0.675,0.675,0.675,0.675,0.0,0.0,0.0,0.0,0.0,0.0,0.0,0.0,0.0,0.0,0.0,0.0,0.0,0.0
41,Africa_Northern,HFC365mfc,0.794,0.794,0.794,0.794,0.794,0.794,0.794,0.0,0.0,0.0,0.0,0.0,0.0,0.0,0.0,0.0,0.0,0.0,0.0,0.0,0.0
42,Africa_Southern,CO2,3.666666667,3.666666667,3.666666667,3.666666667,3.666666667,3.666666667,3.666666667,3.666667,3.666667,3.666667,3.666667,3.666667,3.666667,3.666667,3.666667,3.666667,3.666667,3.666667,3.666667,3.666667,3.666667
43,Africa_Southern,CH4,25.0,25.0,25.0,25.0,25.0,25.0,25.0,0.0,0.0,0.0,0.0,0.0,0.0,0.0,0.0,0.0,0.0,0.0,0.0,0.0,0.0
44,Africa_Southern,N2O,298.0,298.0,298.0,298.0,298.0,298.0,298.0,0.0,0.0,0.0,0.0,0.0,0.0,0.0,0.0,0.0,0.0,0.0,0.0,0.0,0.0
45,Africa_Southern,C2F6,12.2,12.2,12.2,12.2,12.2,12.2,12.2,0.0,0.0,0.0,0.0,0.0,0.0,0.0,0.0,0.0,0.0,0.0,0.0,0.0,0.0
46,Africa_Southern,CF4,7.39,7.39,7.39,7.39,7.39,7.39,7.39,0.0,0.0,0.0,0.0,0.0,0.0,0.0,0.0,0.0,0.0,0.0,0.0,0.0,0.0
47,Africa_Southern,HFC125,3.5,3.5,3.5,3.5,3.5,3.5,3.5,0.0,0.0,0.0,0.0,0.0,0.0,0.0,0.0,0.0,0.0,0.0,0.0,0.0,0.0
48,Africa_Southern,HFC134a,1.43,1.43,1.43,1.43,1.43,1.43,1.43,0.0,0.0,0.0,0.0,0.0,0.0,0.0,0.0,0.0,0.0,0.0,0.0,0.0,0.0
49,Africa_Southern,HFC245fa,1.03,1.03,1.03,1.03,1.03,1.03,1.03,0.0,0.0,0.0,0.0,0.0,0.0,0.0,0.0,0.0,0.0,0.0,0.0,0.0,0.0
50,Africa_Southern,SF6,22.8,22.8,22.8,22.8,22.8,22.8,22.8,0.0,0.0,0.0,0.0,0.0,0.0,0.0,0.0,0.0,0.0,0.0,0.0,0.0,0.0
51,Africa_Southern,CH4_AWB,25.0,25.0,25.0,25.0,25.0,25.0,25.0,0.0,0.0,0.0,0.0,0.0,0.0,0.0,0.0,0.0,0.0,0.0,0.0,0.0,0.0
52,Africa_Southern,CH4_AGR,25.0,25.0,25.0,25.0,25.0,25.0,25.0,0.0,0.0,0.0,0.0,0.0,0.0,0.0,0.0,0.0,0.0,0.0,0.0,0.0,0.0
53,Africa_Southern,N2O_AWB,298.0,298.0,298.0,298.0,298.0,298.0,298.0,0.0,0.0,0.0,0.0,0.0,0.0,0.0,0.0,0.0,0.0,0.0,0.0,0.0,0.0
54,Africa_Southern,N2O_AGR,298.0,298.0,298.0,298.0,298.0,298.0,298.0,0.0,0.0,0.0,0.0,0.0,0.0,0.0,0.0,0.0,0.0,0.0,0.0,0.0,0.0
55,Africa_Southern,CO2_LUC,0.0,0.0,0.0,0.0,0.0,0.0,0.0,0.0,0.0,0.0,0.0,0.0,0.0,0.0,0.0,0.0,0.0,0.0,0.0,0.0,0.0
56,Africa_Southern,HFC143a,4.47,4.47,4.47,4.47,4.47,4.47,4.47,0.0,0.0,0.0,0.0,0.0,0.0,0.0,0.0,0.0,0.0,0.0,0.0,0.0,0.0
57,Africa_Southern,HFC152a,0.124,0.124,0.124,0.124,0.124,0.124,0.124,0.0,0.0,0.0,0.0,0.0,0.0,0.0,0.0,0.0,0.0,0.0,0.0,0.0,0.0
58,Africa_Southern,HFC227ea,3.22,3.22,3.22,3.22,3.22,3.22,3.22,0.0,0.0,0.0,0.0,0.0,0.0,0.0,0.0,0.0,0.0,0.0,0.0,0.0,0.0
59,Africa_Southern,HFC23,14.8,14.8,14.8,14.8,14.8,14.8,14.8,0.0,0.0,0.0,0.0,0.0,0.0,0.0,0.0,0.0,0.0,0.0,0.0,0.0,0.0
60,Africa_Southern,HFC236fa,9.81,9.81,9.81,9.81,9.81,9.81,9.81,0.0,0.0,0.0,0.0,0.0,0.0,0.0,0.0,0.0,0.0,0.0,0.0,0.0,0.0
61,Africa_Southern,HFC32,0.675,0.675,0.675,0.675,0.675,0.675,0.675,0.0,0.0,0.0,0.0,0.0,0.0,0.0,0.0,0.0,0.0,0.0,0.0,0.0,0.0
62,Africa_Southern,HFC365mfc,0.794,0.794,0.794,0.794,0.794,0.794,0.794,0.0,0.0,0.0,0.0,0.0,0.0,0.0,0.0,0.0,0.0,0.0,0.0,0.0,0.0
63,Africa_Western,CO2,3.666666667,3.666666667,3.666666667,3.666666667,3.666666667,3.666666667,3.666666667,3.666667,3.666667,3.666667,3.666667,3.666667,3.666667,3.666667,3.666667,3.666667,3.666667,3.666667,3.666667,3.666667,3.666667
64,Africa_Western,CH4,25.0,25.0,25.0,25.0,25.0,25.0,25.0,0.0,0.0,0.0,0.0,0.0,0.0,0.0,0.0,0.0,0.0,0.0,0.0,0.0,0.0
65,Africa_Western,N2O,298.0,298.0,298.0,298.0,298.0,298.0,298.0,0.0,0.0,0.0,0.0,0.0,0.0,0.0,0.0,0.0,0.0,0.0,0.0,0.0,0.0
66,Africa_Western,C2F6,12.2,12.2,12.2,12.2,12.2,12.2,12.2,0.0,0.0,0.0,0.0,0.0,0.0,0.0,0.0,0.0,0.0,0.0,0.0,0.0,0.0
67,Africa_Western,CF4,7.39,7.39,7.39,7.39,7.39,7.39,7.39,0.0,0.0,0.0,0.0,0.0,0.0,0.0,0.0,0.0,0.0,0.0,0.0,0.0,0.0
68,Africa_Western,HFC125,3.5,3.5,3.5,3.5,3.5,3.5,3.5,0.0,0.0,0.0,0.0,0.0,0.0,0.0,0.0,0.0,0.0,0.0,0.0,0.0,0.0
69,Africa_Western,HFC134a,1.43,1.43,1.43,1.43,1.43,1.43,1.43,0.0,0.0,0.0,0.0,0.0,0.0,0.0,0.0,0.0,0.0,0.0,0.0,0.0,0.0
70,Africa_Western,HFC245fa,1.03,1.03,1.03,1.03,1.03,1.03,1.03,0.0,0.0,0.0,0.0,0.0,0.0,0.0,0.0,0.0,0.0,0.0,0.0,0.0,0.0
71,Africa_Western,SF6,22.8,22.8,22.8,22.8,22.8,22.8,22.8,0.0,0.0,0.0,0.0,0.0,0.0,0.0,0.0,0.0,0.0,0.0,0.0,0.0,0.0
72,Africa_Western,CH4_AWB,25.0,25.0,25.0,25.0,25.0,25.0,25.0,0.0,0.0,0.0,0.0,0.0,0.0,0.0,0.0,0.0,0.0,0.0,0.0,0.0,0.0
73,Africa_Western,CH4_AGR,25.0,25.0,25.0,25.0,25.0,25.0,25.0,0.0,0.0,0.0,0.0,0.0,0.0,0.0,0.0,0.0,0.0,0.0,0.0,0.0,0.0
74,Africa_Western,N2O_AWB,298.0,298.0,298.0,298.0,298.0,298.0,298.0,0.0,0.0,0.0,0.0,0.0,0.0,0.0,0.0,0.0,0.0,0.0,0.0,0.0,0.0
75,Africa_Western,N2O_AGR,298.0,298.0,298.0,298.0,298.0,298.0,298.0,0.0,0.0,0.0,0.0,0.0,0.0,0.0,0.0,0.0,0.0,0.0,0.0,0.0,0.0
76,Africa_Western,CO2_LUC,0.0,0.0,0.0,0.0,0.0,0.0,0.0,0.0,0.0,0.0,0.0,0.0,0.0,0.0,0.0,0.0,0.0,0.0,0.0,0.0,0.0
77,Africa_Western,HFC143a,4.47,4.47,4.47,4.47,4.47,4.47,4.47,0.0,0.0,0.0,0.0,0.0,0.0,0.0,0.0,0.0,0.0,0.0,0.0,0.0,0.0
78,Africa_Western,HFC152a,0.124,0.124,0.124,0.124,0.124,0.124,0.124,0.0,0.0,0.0,0.0,0.0,0.0,0.0,0.0,0.0,0.0,0.0,0.0,0.0,0.0
79,Africa_Western,HFC227ea,3.22,3.22,3.22,3.22,3.22,3.22,3.22,0.0,0.0,0.0,0.0,0.0,0.0,0.0,0.0,0.0,0.0,0.0,0.0,0.0,0.0
80,Africa_Western,HFC23,14.8,14.8,14.8,14.8,14.8,14.8,14.8,0.0,0.0,0.0,0.0,0.0,0.0,0.0,0.0,0.0,0.0,0.0,0.0,0.0,0.0
81,Africa_Western,HFC236fa,9.81,9.81,9.81,9.81,9.81,9.81,9.81,0.0,0.0,0.0,0.0,0.0,0.0,0.0,0.0,0.0,0.0,0.0,0.0,0.0,0.0
82,Africa_Western,HFC32,0.675,0.675,0.675,0.675,0.675,0.675,0.675,0.0,0.0,0.0,0.0,0.0,0.0,0.0,0.0,0.0,0.0,0.0,0.0,0.0,0.0
83,Africa_Western,HFC365mfc,0.794,0.794,0.794,0.794,0.794,0.794,0.794,0.0,0.0,0.0,0.0,0.0,0.0,0.0,0.0,0.0,0.0,0.0,0.0,0.0,0.0
84,Argentina,CO2,3.666666667,3.666666667,3.666666667,3.666666667,3.666666667,3.666666667,3.666666667,3.666667,3.666667,3.666667,3.666667,3.666667,3.666667,3.666667,3.666667,3.666667,3.666667,3.666667,3.666667,3.666667,3.666667
85,Argentina,CH4,25.0,25.0,25.0,25.0,25.0,25.0,25.0,0.0,0.0,0.0,0.0,0.0,0.0,0.0,0.0,0.0,0.0,0.0,0.0,0.0,0.0
86,Argentina,N2O,298.0,298.0,298.0,298.0,298.0,298.0,298.0,0.0,0.0,0.0,0.0,0.0,0.0,0.0,0.0,0.0,0.0,0.0,0.0,0.0,0.0
87,Argentina,C2F6,12.2,12.2,12.2,12.2,12.2,12.2,12.2,0.0,0.0,0.0,0.0,0.0,0.0,0.0,0.0,0.0,0.0,0.0,0.0,0.0,0.0
88,Argentina,CF4,7.39,7.39,7.39,7.39,7.39,7.39,7.39,0.0,0.0,0.0,0.0,0.0,0.0,0.0,0.0,0.0,0.0,0.0,0.0,0.0,0.0
89,Argentina,HFC125,3.5,3.5,3.5,3.5,3.5,3.5,3.5,0.0,0.0,0.0,0.0,0.0,0.0,0.0,0.0,0.0,0.0,0.0,0.0,0.0,0.0
90,Argentina,HFC134a,1.43,1.43,1.43,1.43,1.43,1.43,1.43,0.0,0.0,0.0,0.0,0.0,0.0,0.0,0.0,0.0,0.0,0.0,0.0,0.0,0.0
91,Argentina,HFC245fa,1.03,1.03,1.03,1.03,1.03,1.03,1.03,0.0,0.0,0.0,0.0,0.0,0.0,0.0,0.0,0.0,0.0,0.0,0.0,0.0,0.0
92,Argentina,SF6,22.8,22.8,22.8,22.8,22.8,22.8,22.8,0.0,0.0,0.0,0.0,0.0,0.0,0.0,0.0,0.0,0.0,0.0,0.0,0.0,0.0
93,Argentina,CH4_AWB,25.0,25.0,25.0,25.0,25.0,25.0,25.0,0.0,0.0,0.0,0.0,0.0,0.0,0.0,0.0,0.0,0.0,0.0,0.0,0.0,0.0
94,Argentina,CH4_AGR,25.0,25.0,25.0,25.0,25.0,25.0,25.0,0.0,0.0,0.0,0.0,0.0,0.0,0.0,0.0,0.0,0.0,0.0,0.0,0.0,0.0
95,Argentina,N2O_AWB,298.0,298.0,298.0,298.0,298.0,298.0,298.0,0.0,0.0,0.0,0.0,0.0,0.0,0.0,0.0,0.0,0.0,0.0,0.0,0.0,0.0
96,Argentina,N2O_AGR,298.0,298.0,298.0,298.0,298.0,298.0,298.0,0.0,0.0,0.0,0.0,0.0,0.0,0.0,0.0,0.0,0.0,0.0,0.0,0.0,0.0
97,Argentina,CO2_LUC,0.0,0.0,0.0,0.0,0.0,0.0,0.0,0.0,0.0,0.0,0.0,0.0,0.0,0.0,0.0,0.0,0.0,0.0,0.0,0.0,0.0
98,Argentina,HFC143a,4.47,4.47,4.47,4.47,4.47,4.47,4.47,0.0,0.0,0.0,0.0,0.0,0.0,0.0,0.0,0.0,0.0,0.0,0.0,0.0,0.0
99,Argentina,HFC152a,0.124,0.124,0.124,0.124,0.124,0.124,0.124,0.0,0.0,0.0,0.0,0.0,0.0,0.0,0.0,0.0,0.0,0.0,0.0,0.0,0.0
100,Argentina,HFC227ea,3.22,3.22,3.22,3.22,3.22,3.22,3.22,0.0,0.0,0.0,0.0,0.0,0.0,0.0,0.0,0.0,0.0,0.0,0.0,0.0,0.0
101,Argentina,HFC23,14.8,14.8,14.8,14.8,14.8,14.8,14.8,0.0,0.0,0.0,0.0,0.0,0.0,0.0,0.0,0.0,0.0,0.0,0.0,0.0,0.0
102,Argentina,HFC236fa,9.81,9.81,9.81,9.81,9.81,9.81,9.81,0.0,0.0,0.0,0.0,0.0,0.0,0.0,0.0,0.0,0.0,0.0,0.0,0.0,0.0
103,Argentina,HFC32,0.675,0.675,0.675,0.675,0.675,0.675,0.675,0.0,0.0,0.0,0.0,0.0,0.0,0.0,0.0,0.0,0.0,0.0,0.0,0.0,0.0
104,Argentina,HFC365mfc,0.794,0.794,0.794,0.794,0.794,0.794,0.794,0.0,0.0,0.0,0.0,0.0,0.0,0.0,0.0,0.0,0.0,0.0,0.0,0.0,0.0
105,Australia_NZ,CO2,3.666666667,3.666666667,3.666666667,3.666666667,3.666666667,3.666666667,3.666666667,3.666667,3.666667,3.666667,3.666667,3.666667,3.666667,3.666667,3.666667,3.666667,3.666667,3.666667,3.666667,3.666667,3.666667
106,Australia_NZ,CH4,25.0,25.0,25.0,25.0,25.0,25.0,25.0,0.0,0.0,0.0,0.0,0.0,0.0,0.0,0.0,0.0,0.0,0.0,0.0,0.0,0.0
107,Australia_NZ,N2O,298.0,298.0,298.0,298.0,298.0,298.0,298.0,0.0,0.0,0.0,0.0,0.0,0.0,0.0,0.0,0.0,0.0,0.0,0.0,0.0,0.0
108,Australia_NZ,C2F6,12.2,12.2,12.2,12.2,12.2,12.2,12.2,0.0,0.0,0.0,0.0,0.0,0.0,0.0,0.0,0.0,0.0,0.0,0.0,0.0,0.0
109,Australia_NZ,CF4,7.39,7.39,7.39,7.39,7.39,7.39,7.39,0.0,0.0,0.0,0.0,0.0,0.0,0.0,0.0,0.0,0.0,0.0,0.0,0.0,0.0
110,Australia_NZ,HFC125,3.5,3.5,3.5,3.5,3.5,3.5,3.5,0.0,0.0,0.0,0.0,0.0,0.0,0.0,0.0,0.0,0.0,0.0,0.0,0.0,0.0
111,Australia_NZ,HFC134a,1.43,1.43,1.43,1.43,1.43,1.43,1.43,0.0,0.0,0.0,0.0,0.0,0.0,0.0,0.0,0.0,0.0,0.0,0.0,0.0,0.0
112,Australia_NZ,HFC245fa,1.03,1.03,1.03,1.03,1.03,1.03,1.03,0.0,0.0,0.0,0.0,0.0,0.0,0.0,0.0,0.0,0.0,0.0,0.0,0.0,0.0
113,Australia_NZ,SF6,22.8,22.8,22.8,22.8,22.8,22.8,22.8,0.0,0.0,0.0,0.0,0.0,0.0,0.0,0.0,0.0,0.0,0.0,0.0,0.0,0.0
114,Australia_NZ,CH4_AWB,25.0,25.0,25.0,25.0,25.0,25.0,25.0,0.0,0.0,0.0,0.0,0.0,0.0,0.0,0.0,0.0,0.0,0.0,0.0,0.0,0.0
115,Australia_NZ,CH4_AGR,25.0,25.0,25.0,25.0,25.0,25.0,25.0,0.0,0.0,0.0,0.0,0.0,0.0,0.0,0.0,0.0,0.0,0.0,0.0,0.0,0.0
116,Australia_NZ,N2O_AWB,298.0,298.0,298.0,298.0,298.0,298.0,298.0,0.0,0.0,0.0,0.0,0.0,0.0,0.0,0.0,0.0,0.0,0.0,0.0,0.0,0.0
117,Australia_NZ,N2O_AGR,298.0,298.0,298.0,298.0,298.0,298.0,298.0,0.0,0.0,0.0,0.0,0.0,0.0,0.0,0.0,0.0,0.0,0.0,0.0,0.0,0.0
118,Australia_NZ,CO2_LUC,0.0,0.0,0.0,0.0,0.0,0.0,0.0,0.0,0.0,0.0,0.0,0.0,0.0,0.0,0.0,0.0,0.0,0.0,0.0,0.0,0.0
119,Australia_NZ,HFC143a,4.47,4.47,4.47,4.47,4.47,4.47,4.47,0.0,0.0,0.0,0.0,0.0,0.0,0.0,0.0,0.0,0.0,0.0,0.0,0.0,0.0
120,Australia_NZ,HFC152a,0.124,0.124,0.124,0.124,0.124,0.124,0.124,0.0,0.0,0.0,0.0,0.0,0.0,0.0,0.0,0.0,0.0,0.0,0.0,0.0,0.0
121,Australia_NZ,HFC227ea,3.22,3.22,3.22,3.22,3.22,3.22,3.22,0.0,0.0,0.0,0.0,0.0,0.0,0.0,0.0,0.0,0.0,0.0,0.0,0.0,0.0
122,Australia_NZ,HFC23,14.8,14.8,14.8,14.8,14.8,14.8,14.8,0.0,0.0,0.0,0.0,0.0,0.0,0.0,0.0,0.0,0.0,0.0,0.0,0.0,0.0
123,Australia_NZ,HFC236fa,9.81,9.81,9.81,9.81,9.81,9.81,9.81,0.0,0.0,0.0,0.0,0.0,0.0,0.0,0.0,0.0,0.0,0.0,0.0,0.0,0.0
124,Australia_NZ,HFC32,0.675,0.675,0.675,0.675,0.675,0.675,0.675,0.0,0.0,0.0,0.0,0.0,0.0,0.0,0.0,0.0,0.0,0.0,0.0,0.0,0.0
125,Australia_NZ,HFC365mfc,0.794,0.794,0.794,0.794,0.794,0.794,0.794,0.0,0.0,0.0,0.0,0.0,0.0,0.0,0.0,0.0,0.0,0.0,0.0,0.0,0.0
126,Brazil,CO2,3.666666667,3.666666667,3.666666667,3.666666667,3.666666667,3.666666667,3.666666667,3.666667,3.666667,3.666667,3.666667,3.666667,3.666667,3.666667,3.666667,3.666667,3.666667,3.666667,3.666667,3.666667,3.666667
127,Brazil,CH4,25.0,25.0,25.0,25.0,25.0,25.0,25.0,0.0,0.0,0.0,0.0,0.0,0.0,0.0,0.0,0.0,0.0,0.0,0.0,0.0,0.0
128,Brazil,N2O,298.0,298.0,298.0,298.0,298.0,298.0,298.0,0.0,0.0,0.0,0.0,0.0,0.0,0.0,0.0,0.0,0.0,0.0,0.0,0.0,0.0
129,Brazil,C2F6,12.2,12.2,12.2,12.2,12.2,12.2,12.2,0.0,0.0,0.0,0.0,0.0,0.0,0.0,0.0,0.0,0.0,0.0,0.0,0.0,0.0
130,Brazil,CF4,7.39,7.39,7.39,7.39,7.39,7.39,7.39,0.0,0.0,0.0,0.0,0.0,0.0,0.0,0.0,0.0,0.0,0.0,0.0,0.0,0.0
131,Brazil,HFC125,3.5,3.5,3.5,3.5,3.5,3.5,3.5,0.0,0.0,0.0,0.0,0.0,0.0,0.0,0.0,0.0,0.0,0.0,0.0,0.0,0.0
132,Brazil,HFC134a,1.43,1.43,1.43,1.43,1.43,1.43,1.43,0.0,0.0,0.0,0.0,0.0,0.0,0.0,0.0,0.0,0.0,0.0,0.0,0.0,0.0
133,Brazil,HFC245fa,1.03,1.03,1.03,1.03,1.03,1.03,1.03,0.0,0.0,0.0,0.0,0.0,0.0,0.0,0.0,0.0,0.0,0.0,0.0,0.0,0.0
134,Brazil,SF6,22.8,22.8,22.8,22.8,22.8,22.8,22.8,0.0,0.0,0.0,0.0,0.0,0.0,0.0,0.0,0.0,0.0,0.0,0.0,0.0,0.0
135,Brazil,CH4_AWB,25.0,25.0,25.0,25.0,25.0,25.0,25.0,0.0,0.0,0.0,0.0,0.0,0.0,0.0,0.0,0.0,0.0,0.0,0.0,0.0,0.0
136,Brazil,CH4_AGR,25.0,25.0,25.0,25.0,25.0,25.0,25.0,0.0,0.0,0.0,0.0,0.0,0.0,0.0,0.0,0.0,0.0,0.0,0.0,0.0,0.0
137,Brazil,N2O_AWB,298.0,298.0,298.0,298.0,298.0,298.0,298.0,0.0,0.0,0.0,0.0,0.0,0.0,0.0,0.0,0.0,0.0,0.0,0.0,0.0,0.0
138,Brazil,N2O_AGR,298.0,298.0,298.0,298.0,298.0,298.0,298.0,0.0,0.0,0.0,0.0,0.0,0.0,0.0,0.0,0.0,0.0,0.0,0.0,0.0,0.0
139,Brazil,CO2_LUC,0.0,0.0,0.0,0.0,0.0,0.0,0.0,0.0,0.0,0.0,0.0,0.0,0.0,0.0,0.0,0.0,0.0,0.0,0.0,0.0,0.0
140,Brazil,HFC143a,4.47,4.47,4.47,4.47,4.47,4.47,4.47,0.0,0.0,0.0,0.0,0.0,0.0,0.0,0.0,0.0,0.0,0.0,0.0,0.0,0.0
141,Brazil,HFC152a,0.124,0.124,0.124,0.124,0.124,0.124,0.124,0.0,0.0,0.0,0.0,0.0,0.0,0.0,0.0,0.0,0.0,0.0,0.0,0.0,0.0
142,Brazil,HFC227ea,3.22,3.22,3.22,3.22,3.22,3.22,3.22,0.0,0.0,0.0,0.0,0.0,0.0,0.0,0.0,0.0,0.0,0.0,0.0,0.0,0.0
143,Brazil,HFC23,14.8,14.8,14.8,14.8,14.8,14.8,14.8,0.0,0.0,0.0,0.0,0.0,0.0,0.0,0.0,0.0,0.0,0.0,0.0,0.0,0.0
144,Brazil,HFC236fa,9.81,9.81,9.81,9.81,9.81,9.81,9.81,0.0,0.0,0.0,0.0,0.0,0.0,0.0,0.0,0.0,0.0,0.0,0.0,0.0,0.0
145,Brazil,HFC32,0.675,0.675,0.675,0.675,0.675,0.675,0.675,0.0,0.0,0.0,0.0,0.0,0.0,0.0,0.0,0.0,0.0,0.0,0.0,0.0,0.0
146,Brazil,HFC365mfc,0.794,0.794,0.794,0.794,0.794,0.794,0.794,0.0,0.0,0.0,0.0,0.0,0.0,0.0,0.0,0.0,0.0,0.0,0.0,0.0,0.0
147,Canada,CO2,3.666666667,3.666666667,3.666666667,3.666666667,3.666666667,3.666666667,3.666666667,3.666667,3.666667,3.666667,3.666667,3.666667,3.666667,3.666667,3.666667,3.666667,3.666667,3.666667,3.666667,3.666667,3.666667
148,Canada,CH4,25.0,25.0,25.0,25.0,25.0,25.0,25.0,0.0,0.0,0.0,0.0,0.0,0.0,0.0,0.0,0.0,0.0,0.0,0.0,0.0,0.0
149,Canada,N2O,298.0,298.0,298.0,298.0,298.0,298.0,298.0,0.0,0.0,0.0,0.0,0.0,0.0,0.0,0.0,0.0,0.0,0.0,0.0,0.0,0.0
150,Canada,C2F6,12.2,12.2,12.2,12.2,12.2,12.2,12.2,0.0,0.0,0.0,0.0,0.0,0.0,0.0,0.0,0.0,0.0,0.0,0.0,0.0,0.0
151,Canada,CF4,7.39,7.39,7.39,7.39,7.39,7.39,7.39,0.0,0.0,0.0,0.0,0.0,0.0,0.0,0.0,0.0,0.0,0.0,0.0,0.0,0.0
152,Canada,HFC125,3.5,3.5,3.5,3.5,3.5,3.5,3.5,0.0,0.0,0.0,0.0,0.0,0.0,0.0,0.0,0.0,0.0,0.0,0.0,0.0,0.0
153,Canada,HFC134a,1.43,1.43,1.43,1.43,1.43,1.43,1.43,0.0,0.0,0.0,0.0,0.0,0.0,0.0,0.0,0.0,0.0,0.0,0.0,0.0,0.0
154,Canada,HFC245fa,1.03,1.03,1.03,1.03,1.03,1.03,1.03,0.0,0.0,0.0,0.0,0.0,0.0,0.0,0.0,0.0,0.0,0.0,0.0,0.0,0.0
155,Canada,SF6,22.8,22.8,22.8,22.8,22.8,22.8,22.8,0.0,0.0,0.0,0.0,0.0,0.0,0.0,0.0,0.0,0.0,0.0,0.0,0.0,0.0
156,Canada,CH4_AWB,25.0,25.0,25.0,25.0,25.0,25.0,25.0,0.0,0.0,0.0,0.0,0.0,0.0,0.0,0.0,0.0,0.0,0.0,0.0,0.0,0.0
157,Canada,CH4_AGR,25.0,25.0,25.0,25.0,25.0,25.0,25.0,0.0,0.0,0.0,0.0,0.0,0.0,0.0,0.0,0.0,0.0,0.0,0.0,0.0,0.0
158,Canada,N2O_AWB,298.0,298.0,298.0,298.0,298.0,298.0,298.0,0.0,0.0,0.0,0.0,0.0,0.0,0.0,0.0,0.0,0.0,0.0,0.0,0.0,0.0
159,Canada,N2O_AGR,298.0,298.0,298.0,298.0,298.0,298.0,298.0,0.0,0.0,0.0,0.0,0.0,0.0,0.0,0.0,0.0,0.0,0.0,0.0,0.0,0.0
160,Canada,CO2_LUC,0.0,0.0,0.0,0.0,0.0,0.0,0.0,0.0,0.0,0.0,0.0,0.0,0.0,0.0,0.0,0.0,0.0,0.0,0.0,0.0,0.0
161,Canada,HFC143a,4.47,4.47,4.47,4.47,4.47,4.47,4.47,0.0,0.0,0.0,0.0,0.0,0.0,0.0,0.0,0.0,0.0,0.0,0.0,0.0,0.0
162,Canada,HFC152a,0.124,0.124,0.124,0.124,0.124,0.124,0.124,0.0,0.0,0.0,0.0,0.0,0.0,0.0,0.0,0.0,0.0,0.0,0.0,0.0,0.0
163,Canada,HFC227ea,3.22,3.22,3.22,3.22,3.22,3.22,3.22,0.0,0.0,0.0,0.0,0.0,0.0,0.0,0.0,0.0,0.0,0.0,0.0,0.0,0.0
164,Canada,HFC23,14.8,14.8,14.8,14.8,14.8,14.8,14.8,0.0,0.0,0.0,0.0,0.0,0.0,0.0,0.0,0.0,0.0,0.0,0.0,0.0,0.0
165,Canada,HFC236fa,9.81,9.81,9.81,9.81,9.81,9.81,9.81,0.0,0.0,0.0,0.0,0.0,0.0,0.0,0.0,0.0,0.0,0.0,0.0,0.0,0.0
166,Canada,HFC32,0.675,0.675,0.675,0.675,0.675,0.675,0.675,0.0,0.0,0.0,0.0,0.0,0.0,0.0,0.0,0.0,0.0,0.0,0.0,0.0,0.0
167,Canada,HFC365mfc,0.794,0.794,0.794,0.794,0.794,0.794,0.794,0.0,0.0,0.0,0.0,0.0,0.0,0.0,0.0,0.0,0.0,0.0,0.0,0.0,0.0
168,Central America and Caribbean,CO2,3.666666667,3.666666667,3.666666667,3.666666667,3.666666667,3.666666667,3.666666667,3.666667,3.666667,3.666667,3.666667,3.666667,3.666667,3.666667,3.666667,3.666667,3.666667,3.666667,3.666667,3.666667,3.666667
169,Central America and Caribbean,CH4,25.0,25.0,25.0,25.0,25.0,25.0,25.0,0.0,0.0,0.0,0.0,0.0,0.0,0.0,0.0,0.0,0.0,0.0,0.0,0.0,0.0
170,Central America and Caribbean,N2O,298.0,298.0,298.0,298.0,298.0,298.0,298.0,0.0,0.0,0.0,0.0,0.0,0.0,0.0,0.0,0.0,0.0,0.0,0.0,0.0,0.0
171,Central America and Caribbean,C2F6,12.2,12.2,12.2,12.2,12.2,12.2,12.2,0.0,0.0,0.0,0.0,0.0,0.0,0.0,0.0,0.0,0.0,0.0,0.0,0.0,0.0
172,Central America and Caribbean,CF4,7.39,7.39,7.39,7.39,7.39,7.39,7.39,0.0,0.0,0.0,0.0,0.0,0.0,0.0,0.0,0.0,0.0,0.0,0.0,0.0,0.0
173,Central America and Caribbean,HFC125,3.5,3.5,3.5,3.5,3.5,3.5,3.5,0.0,0.0,0.0,0.0,0.0,0.0,0.0,0.0,0.0,0.0,0.0,0.0,0.0,0.0
174,Central America and Caribbean,HFC134a,1.43,1.43,1.43,1.43,1.43,1.43,1.43,0.0,0.0,0.0,0.0,0.0,0.0,0.0,0.0,0.0,0.0,0.0,0.0,0.0,0.0
175,Central America and Caribbean,HFC245fa,1.03,1.03,1.03,1.03,1.03,1.03,1.03,0.0,0.0,0.0,0.0,0.0,0.0,0.0,0.0,0.0,0.0,0.0,0.0,0.0,0.0
176,Central America and Caribbean,SF6,22.8,22.8,22.8,22.8,22.8,22.8,22.8,0.0,0.0,0.0,0.0,0.0,0.0,0.0,0.0,0.0,0.0,0.0,0.0,0.0,0.0
177,Central America and Caribbean,CH4_AWB,25.0,25.0,25.0,25.0,25.0,25.0,25.0,0.0,0.0,0.0,0.0,0.0,0.0,0.0,0.0,0.0,0.0,0.0,0.0,0.0,0.0
178,Central America and Caribbean,CH4_AGR,25.0,25.0,25.0,25.0,25.0,25.0,25.0,0.0,0.0,0.0,0.0,0.0,0.0,0.0,0.0,0.0,0.0,0.0,0.0,0.0,0.0
179,Central America and Caribbean,N2O_AWB,298.0,298.0,298.0,298.0,298.0,298.0,298.0,0.0,0.0,0.0,0.0,0.0,0.0,0.0,0.0,0.0,0.0,0.0,0.0,0.0,0.0
180,Central America and Caribbean,N2O_AGR,298.0,298.0,298.0,298.0,298.0,298.0,298.0,0.0,0.0,0.0,0.0,0.0,0.0,0.0,0.0,0.0,0.0,0.0,0.0,0.0,0.0
181,Central America and Caribbean,CO2_LUC,0.0,0.0,0.0,0.0,0.0,0.0,0.0,0.0,0.0,0.0,0.0,0.0,0.0,0.0,0.0,0.0,0.0,0.0,0.0,0.0,0.0
182,Central America and Caribbean,HFC143a,4.47,4.47,4.47,4.47,4.47,4.47,4.47,0.0,0.0,0.0,0.0,0.0,0.0,0.0,0.0,0.0,0.0,0.0,0.0,0.0,0.0
183,Central America and Caribbean,HFC152a,0.124,0.124,0.124,0.124,0.124,0.124,0.124,0.0,0.0,0.0,0.0,0.0,0.0,0.0,0.0,0.0,0.0,0.0,0.0,0.0,0.0
184,Central America and Caribbean,HFC227ea,3.22,3.22,3.22,3.22,3.22,3.22,3.22,0.0,0.0,0.0,0.0,0.0,0.0,0.0,0.0,0.0,0.0,0.0,0.0,0.0,0.0
185,Central America and Caribbean,HFC23,14.8,14.8,14.8,14.8,14.8,14.8,14.8,0.0,0.0,0.0,0.0,0.0,0.0,0.0,0.0,0.0,0.0,0.0,0.0,0.0,0.0
186,Central America and Caribbean,HFC236fa,9.81,9.81,9.81,9.81,9.81,9.81,9.81,0.0,0.0,0.0,0.0,0.0,0.0,0.0,0.0,0.0,0.0,0.0,0.0,0.0,0.0
187,Central America and Caribbean,HFC32,0.675,0.675,0.675,0.675,0.675,0.675,0.675,0.0,0.0,0.0,0.0,0.0,0.0,0.0,0.0,0.0,0.0,0.0,0.0,0.0,0.0
188,Central America and Caribbean,HFC365mfc,0.794,0.794,0.794,0.794,0.794,0.794,0.794,0.0,0.0,0.0,0.0,0.0,0.0,0.0,0.0,0.0,0.0,0.0,0.0,0.0,0.0
189,Central Asia,CO2,3.666666667,3.666666667,3.666666667,3.666666667,3.666666667,3.666666667,3.666666667,3.666667,3.666667,3.666667,3.666667,3.666667,3.666667,3.666667,3.666667,3.666667,3.666667,3.666667,3.666667,3.666667,3.666667
190,Central Asia,CH4,25.0,25.0,25.0,25.0,25.0,25.0,25.0,0.0,0.0,0.0,0.0,0.0,0.0,0.0,0.0,0.0,0.0,0.0,0.0,0.0,0.0
191,Central Asia,N2O,298.0,298.0,298.0,298.0,298.0,298.0,298.0,0.0,0.0,0.0,0.0,0.0,0.0,0.0,0.0,0.0,0.0,0.0,0.0,0.0,0.0
192,Central Asia,C2F6,12.2,12.2,12.2,12.2,12.2,12.2,12.2,0.0,0.0,0.0,0.0,0.0,0.0,0.0,0.0,0.0,0.0,0.0,0.0,0.0,0.0
193,Central Asia,CF4,7.39,7.39,7.39,7.39,7.39,7.39,7.39,0.0,0.0,0.0,0.0,0.0,0.0,0.0,0.0,0.0,0.0,0.0,0.0,0.0,0.0
194,Central Asia,HFC125,3.5,3.5,3.5,3.5,3.5,3.5,3.5,0.0,0.0,0.0,0.0,0.0,0.0,0.0,0.0,0.0,0.0,0.0,0.0,0.0,0.0
195,Central Asia,HFC134a,1.43,1.43,1.43,1.43,1.43,1.43,1.43,0.0,0.0,0.0,0.0,0.0,0.0,0.0,0.0,0.0,0.0,0.0,0.0,0.0,0.0
196,Central Asia,HFC245fa,1.03,1.03,1.03,1.03,1.03,1.03,1.03,0.0,0.0,0.0,0.0,0.0,0.0,0.0,0.0,0.0,0.0,0.0,0.0,0.0,0.0
197,Central Asia,SF6,22.8,22.8,22.8,22.8,22.8,22.8,22.8,0.0,0.0,0.0,0.0,0.0,0.0,0.0,0.0,0.0,0.0,0.0,0.0,0.0,0.0
198,Central Asia,CH4_AWB,25.0,25.0,25.0,25.0,25.0,25.0,25.0,0.0,0.0,0.0,0.0,0.0,0.0,0.0,0.0,0.0,0.0,0.0,0.0,0.0,0.0
199,Central Asia,CH4_AGR,25.0,25.0,25.0,25.0,25.0,25.0,25.0,0.0,0.0,0.0,0.0,0.0,0.0,0.0,0.0,0.0,0.0,0.0,0.0,0.0,0.0
200,Central Asia,N2O_AWB,298.0,298.0,298.0,298.0,298.0,298.0,298.0,0.0,0.0,0.0,0.0,0.0,0.0,0.0,0.0,0.0,0.0,0.0,0.0,0.0,0.0
201,Central Asia,N2O_AGR,298.0,298.0,298.0,298.0,298.0,298.0,298.0,0.0,0.0,0.0,0.0,0.0,0.0,0.0,0.0,0.0,0.0,0.0,0.0,0.0,0.0
202,Central Asia,CO2_LUC,0.0,0.0,0.0,0.0,0.0,0.0,0.0,0.0,0.0,0.0,0.0,0.0,0.0,0.0,0.0,0.0,0.0,0.0,0.0,0.0,0.0
203,Central Asia,HFC143a,4.47,4.47,4.47,4.47,4.47,4.47,4.47,0.0,0.0,0.0,0.0,0.0,0.0,0.0,0.0,0.0,0.0,0.0,0.0,0.0,0.0
204,Central Asia,HFC152a,0.124,0.124,0.124,0.124,0.124,0.124,0.124,0.0,0.0,0.0,0.0,0.0,0.0,0.0,0.0,0.0,0.0,0.0,0.0,0.0,0.0
205,Central Asia,HFC227ea,3.22,3.22,3.22,3.22,3.22,3.22,3.22,0.0,0.0,0.0,0.0,0.0,0.0,0.0,0.0,0.0,0.0,0.0,0.0,0.0,0.0
206,Central Asia,HFC23,14.8,14.8,14.8,14.8,14.8,14.8,14.8,0.0,0.0,0.0,0.0,0.0,0.0,0.0,0.0,0.0,0.0,0.0,0.0,0.0,0.0
207,Central Asia,HFC236fa,9.81,9.81,9.81,9.81,9.81,9.81,9.81,0.0,0.0,0.0,0.0,0.0,0.0,0.0,0.0,0.0,0.0,0.0,0.0,0.0,0.0
208,Central Asia,HFC32,0.675,0.675,0.675,0.675,0.675,0.675,0.675,0.0,0.0,0.0,0.0,0.0,0.0,0.0,0.0,0.0,0.0,0.0,0.0,0.0,0.0
209,Central Asia,HFC365mfc,0.794,0.794,0.794,0.794,0.794,0.794,0.794,0.0,0.0,0.0,0.0,0.0,0.0,0.0,0.0,0.0,0.0,0.0,0.0,0.0,0.0
210,China,CO2,3.666666667,3.666666667,3.666666667,3.666666667,3.666666667,3.666666667,3.666666667,3.666667,3.666667,3.666667,3.666667,3.666667,3.666667,3.666667,3.666667,3.666667,3.666667,3.666667,3.666667,3.666667,3.666667
211,China,CH4,0.0,0.0,0.0,0.0,0.0,0.0,0.0,0.0,0.0,0.0,0.0,0.0,0.0,0.0,0.0,0.0,0.0,0.0,0.0,0.0,0.0
212,China,N2O,0.0,0.0,0.0,0.0,0.0,0.0,0.0,0.0,0.0,0.0,0.0,0.0,0.0,0.0,0.0,0.0,0.0,0.0,0.0,0.0,0.0
213,China,C2F6,0.0,0.0,0.0,0.0,0.0,0.0,0.0,0.0,0.0,0.0,0.0,0.0,0.0,0.0,0.0,0.0,0.0,0.0,0.0,0.0,0.0
214,China,CF4,0.0,0.0,0.0,0.0,0.0,0.0,0.0,0.0,0.0,0.0,0.0,0.0,0.0,0.0,0.0,0.0,0.0,0.0,0.0,0.0,0.0
215,China,HFC125,0.0,0.0,0.0,0.0,0.0,0.0,0.0,0.0,0.0,0.0,0.0,0.0,0.0,0.0,0.0,0.0,0.0,0.0,0.0,0.0,0.0
216,China,HFC134a,0.0,0.0,0.0,0.0,0.0,0.0,0.0,0.0,0.0,0.0,0.0,0.0,0.0,0.0,0.0,0.0,0.0,0.0,0.0,0.0,0.0
217,China,HFC245fa,0.0,0.0,0.0,0.0,0.0,0.0,0.0,0.0,0.0,0.0,0.0,0.0,0.0,0.0,0.0,0.0,0.0,0.0,0.0,0.0,0.0
218,China,SF6,0.0,0.0,0.0,0.0,0.0,0.0,0.0,0.0,0.0,0.0,0.0,0.0,0.0,0.0,0.0,0.0,0.0,0.0,0.0,0.0,0.0
219,China,CH4_AWB,0.0,0.0,0.0,0.0,0.0,0.0,0.0,0.0,0.0,0.0,0.0,0.0,0.0,0.0,0.0,0.0,0.0,0.0,0.0,0.0,0.0
220,China,CH4_AGR,0.0,0.0,0.0,0.0,0.0,0.0,0.0,0.0,0.0,0.0,0.0,0.0,0.0,0.0,0.0,0.0,0.0,0.0,0.0,0.0,0.0
221,China,N2O_AWB,0.0,0.0,0.0,0.0,0.0,0.0,0.0,0.0,0.0,0.0,0.0,0.0,0.0,0.0,0.0,0.0,0.0,0.0,0.0,0.0,0.0
222,China,N2O_AGR,0.0,0.0,0.0,0.0,0.0,0.0,0.0,0.0,0.0,0.0,0.0,0.0,0.0,0.0,0.0,0.0,0.0,0.0,0.0,0.0,0.0
223,China,CO2_LUC,0.0,0.0,0.0,0.0,0.0,0.0,0.0,0.0,0.0,0.0,0.0,0.0,0.0,0.0,0.0,0.0,0.0,0.0,0.0,0.0,0.0
224,China,HFC143a,0.0,0.0,0.0,0.0,0.0,0.0,0.0,0.0,0.0,0.0,0.0,0.0,0.0,0.0,0.0,0.0,0.0,0.0,0.0,0.0,0.0
225,China,HFC152a,0.0,0.0,0.0,0.0,0.0,0.0,0.0,0.0,0.0,0.0,0.0,0.0,0.0,0.0,0.0,0.0,0.0,0.0,0.0,0.0,0.0
226,China,HFC227ea,0.0,0.0,0.0,0.0,0.0,0.0,0.0,0.0,0.0,0.0,0.0,0.0,0.0,0.0,0.0,0.0,0.0,0.0,0.0,0.0,0.0
227,China,HFC23,0.0,0.0,0.0,0.0,0.0,0.0,0.0,0.0,0.0,0.0,0.0,0.0,0.0,0.0,0.0,0.0,0.0,0.0,0.0,0.0,0.0
228,China,HFC236fa,0.0,0.0,0.0,0.0,0.0,0.0,0.0,0.0,0.0,0.0,0.0,0.0,0.0,0.0,0.0,0.0,0.0,0.0,0.0,0.0,0.0
229,China,HFC32,0.0,0.0,0.0,0.0,0.0,0.0,0.0,0.0,0.0,0.0,0.0,0.0,0.0,0.0,0.0,0.0,0.0,0.0,0.0,0.0,0.0
230,China,HFC365mfc,0.0,0.0,0.0,0.0,0.0,0.0,0.0,0.0,0.0,0.0,0.0,0.0,0.0,0.0,0.0,0.0,0.0,0.0,0.0,0.0,0.0
231,Colombia,CO2,3.666666667,3.666666667,3.666666667,3.666666667,3.666666667,3.666666667,3.666666667,3.666667,3.666667,3.666667,3.666667,3.666667,3.666667,3.666667,3.666667,3.666667,3.666667,3.666667,3.666667,3.666667,3.666667
232,Colombia,CH4,25.0,25.0,25.0,25.0,25.0,25.0,25.0,0.0,0.0,0.0,0.0,0.0,0.0,0.0,0.0,0.0,0.0,0.0,0.0,0.0,0.0
233,Colombia,N2O,298.0,298.0,298.0,298.0,298.0,298.0,298.0,0.0,0.0,0.0,0.0,0.0,0.0,0.0,0.0,0.0,0.0,0.0,0.0,0.0,0.0
234,Colombia,C2F6,12.2,12.2,12.2,12.2,12.2,12.2,12.2,0.0,0.0,0.0,0.0,0.0,0.0,0.0,0.0,0.0,0.0,0.0,0.0,0.0,0.0
235,Colombia,CF4,7.39,7.39,7.39,7.39,7.39,7.39,7.39,0.0,0.0,0.0,0.0,0.0,0.0,0.0,0.0,0.0,0.0,0.0,0.0,0.0,0.0
236,Colombia,HFC125,3.5,3.5,3.5,3.5,3.5,3.5,3.5,0.0,0.0,0.0,0.0,0.0,0.0,0.0,0.0,0.0,0.0,0.0,0.0,0.0,0.0
237,Colombia,HFC134a,1.43,1.43,1.43,1.43,1.43,1.43,1.43,0.0,0.0,0.0,0.0,0.0,0.0,0.0,0.0,0.0,0.0,0.0,0.0,0.0,0.0
238,Colombia,HFC245fa,1.03,1.03,1.03,1.03,1.03,1.03,1.03,0.0,0.0,0.0,0.0,0.0,0.0,0.0,0.0,0.0,0.0,0.0,0.0,0.0,0.0
239,Colombia,SF6,22.8,22.8,22.8,22.8,22.8,22.8,22.8,0.0,0.0,0.0,0.0,0.0,0.0,0.0,0.0,0.0,0.0,0.0,0.0,0.0,0.0
240,Colombia,CH4_AWB,25.0,25.0,25.0,25.0,25.0,25.0,25.0,0.0,0.0,0.0,0.0,0.0,0.0,0.0,0.0,0.0,0.0,0.0,0.0,0.0,0.0
241,Colombia,CH4_AGR,25.0,25.0,25.0,25.0,25.0,25.0,25.0,0.0,0.0,0.0,0.0,0.0,0.0,0.0,0.0,0.0,0.0,0.0,0.0,0.0,0.0
242,Colombia,N2O_AWB,298.0,298.0,298.0,298.0,298.0,298.0,298.0,0.0,0.0,0.0,0.0,0.0,0.0,0.0,0.0,0.0,0.0,0.0,0.0,0.0,0.0
243,Colombia,N2O_AGR,298.0,298.0,298.0,298.0,298.0,298.0,298.0,0.0,0.0,0.0,0.0,0.0,0.0,0.0,0.0,0.0,0.0,0.0,0.0,0.0,0.0
244,Colombia,CO2_LUC,0.0,0.0,0.0,0.0,0.0,0.0,0.0,0.0,0.0,0.0,0.0,0.0,0.0,0.0,0.0,0.0,0.0,0.0,0.0,0.0,0.0
245,Colombia,HFC143a,4.47,4.47,4.47,4.47,4.47,4.47,4.47,0.0,0.0,0.0,0.0,0.0,0.0,0.0,0.0,0.0,0.0,0.0,0.0,0.0,0.0
246,Colombia,HFC152a,0.124,0.124,0.124,0.124,0.124,0.124,0.124,0.0,0.0,0.0,0.0,0.0,0.0,0.0,0.0,0.0,0.0,0.0,0.0,0.0,0.0
247,Colombia,HFC227ea,3.22,3.22,3.22,3.22,3.22,3.22,3.22,0.0,0.0,0.0,0.0,0.0,0.0,0.0,0.0,0.0,0.0,0.0,0.0,0.0,0.0
248,Colombia,HFC23,14.8,14.8,14.8,14.8,14.8,14.8,14.8,0.0,0.0,0.0,0.0,0.0,0.0,0.0,0.0,0.0,0.0,0.0,0.0,0.0,0.0
249,Colombia,HFC236fa,9.81,9.81,9.81,9.81,9.81,9.81,9.81,0.0,0.0,0.0,0.0,0.0,0.0,0.0,0.0,0.0,0.0,0.0,0.0,0.0,0.0
250,Colombia,HFC32,0.675,0.675,0.675,0.675,0.675,0.675,0.675,0.0,0.0,0.0,0.0,0.0,0.0,0.0,0.0,0.0,0.0,0.0,0.0,0.0,0.0
251,Colombia,HFC365mfc,0.794,0.794,0.794,0.794,0.794,0.794,0.794,0.0,0.0,0.0,0.0,0.0,0.0,0.0,0.0,0.0,0.0,0.0,0.0,0.0,0.0
252,EU-12,CO2,3.666666667,3.666666667,3.666666667,3.666666667,3.666666667,3.666666667,3.666666667,3.666667,3.666667,3.666667,3.666667,3.666667,3.666667,3.666667,3.666667,3.666667,3.666667,3.666667,3.666667,3.666667,3.666667
253,EU-12,CH4,25.0,25.0,25.0,25.0,25.0,25.0,25.0,0.0,0.0,0.0,0.0,0.0,0.0,0.0,0.0,0.0,0.0,0.0,0.0,0.0,0.0
254,EU-12,N2O,298.0,298.0,298.0,298.0,298.0,298.0,298.0,0.0,0.0,0.0,0.0,0.0,0.0,0.0,0.0,0.0,0.0,0.0,0.0,0.0,0.0
255,EU-12,C2F6,12.2,12.2,12.2,12.2,12.2,12.2,12.2,0.0,0.0,0.0,0.0,0.0,0.0,0.0,0.0,0.0,0.0,0.0,0.0,0.0,0.0
256,EU-12,CF4,7.39,7.39,7.39,7.39,7.39,7.39,7.39,0.0,0.0,0.0,0.0,0.0,0.0,0.0,0.0,0.0,0.0,0.0,0.0,0.0,0.0
257,EU-12,HFC125,3.5,3.5,3.5,3.5,3.5,3.5,3.5,0.0,0.0,0.0,0.0,0.0,0.0,0.0,0.0,0.0,0.0,0.0,0.0,0.0,0.0
258,EU-12,HFC134a,1.43,1.43,1.43,1.43,1.43,1.43,1.43,0.0,0.0,0.0,0.0,0.0,0.0,0.0,0.0,0.0,0.0,0.0,0.0,0.0,0.0
259,EU-12,HFC245fa,1.03,1.03,1.03,1.03,1.03,1.03,1.03,0.0,0.0,0.0,0.0,0.0,0.0,0.0,0.0,0.0,0.0,0.0,0.0,0.0,0.0
260,EU-12,SF6,22.8,22.8,22.8,22.8,22.8,22.8,22.8,0.0,0.0,0.0,0.0,0.0,0.0,0.0,0.0,0.0,0.0,0.0,0.0,0.0,0.0
261,EU-12,CH4_AWB,25.0,25.0,25.0,25.0,25.0,25.0,25.0,0.0,0.0,0.0,0.0,0.0,0.0,0.0,0.0,0.0,0.0,0.0,0.0,0.0,0.0
262,EU-12,CH4_AGR,25.0,25.0,25.0,25.0,25.0,25.0,25.0,0.0,0.0,0.0,0.0,0.0,0.0,0.0,0.0,0.0,0.0,0.0,0.0,0.0,0.0
263,EU-12,N2O_AWB,298.0,298.0,298.0,298.0,298.0,298.0,298.0,0.0,0.0,0.0,0.0,0.0,0.0,0.0,0.0,0.0,0.0,0.0,0.0,0.0,0.0
264,EU-12,N2O_AGR,298.0,298.0,298.0,298.0,298.0,298.0,298.0,0.0,0.0,0.0,0.0,0.0,0.0,0.0,0.0,0.0,0.0,0.0,0.0,0.0,0.0
265,EU-12,CO2_LUC,0.0,0.0,0.0,0.0,0.0,0.0,0.0,0.0,0.0,0.0,0.0,0.0,0.0,0.0,0.0,0.0,0.0,0.0,0.0,0.0,0.0
266,EU-12,HFC143a,4.47,4.47,4.47,4.47,4.47,4.47,4.47,0.0,0.0,0.0,0.0,0.0,0.0,0.0,0.0,0.0,0.0,0.0,0.0,0.0,0.0
267,EU-12,HFC152a,0.124,0.124,0.124,0.124,0.124,0.124,0.124,0.0,0.0,0.0,0.0,0.0,0.0,0.0,0.0,0.0,0.0,0.0,0.0,0.0,0.0
268,EU-12,HFC227ea,3.22,3.22,3.22,3.22,3.22,3.22,3.22,0.0,0.0,0.0,0.0,0.0,0.0,0.0,0.0,0.0,0.0,0.0,0.0,0.0,0.0
269,EU-12,HFC23,14.8,14.8,14.8,14.8,14.8,14.8,14.8,0.0,0.0,0.0,0.0,0.0,0.0,0.0,0.0,0.0,0.0,0.0,0.0,0.0,0.0
270,EU-12,HFC236fa,9.81,9.81,9.81,9.81,9.81,9.81,9.81,0.0,0.0,0.0,0.0,0.0,0.0,0.0,0.0,0.0,0.0,0.0,0.0,0.0,0.0
271,EU-12,HFC32,0.675,0.675,0.675,0.675,0.675,0.675,0.675,0.0,0.0,0.0,0.0,0.0,0.0,0.0,0.0,0.0,0.0,0.0,0.0,0.0,0.0
272,EU-12,HFC365mfc,0.794,0.794,0.794,0.794,0.794,0.794,0.794,0.0,0.0,0.0,0.0,0.0,0.0,0.0,0.0,0.0,0.0,0.0,0.0,0.0,0.0
273,EU-15,CO2,3.666666667,3.666666667,3.666666667,3.666666667,3.666666667,3.666666667,3.666666667,3.666667,3.666667,3.666667,3.666667,3.666667,3.666667,3.666667,3.666667,3.666667,3.666667,3.666667,3.666667,3.666667,3.666667
274,EU-15,CH4,25.0,25.0,25.0,25.0,25.0,25.0,25.0,0.0,0.0,0.0,0.0,0.0,0.0,0.0,0.0,0.0,0.0,0.0,0.0,0.0,0.0
275,EU-15,N2O,298.0,298.0,298.0,298.0,298.0,298.0,298.0,0.0,0.0,0.0,0.0,0.0,0.0,0.0,0.0,0.0,0.0,0.0,0.0,0.0,0.0
276,EU-15,C2F6,12.2,12.2,12.2,12.2,12.2,12.2,12.2,0.0,0.0,0.0,0.0,0.0,0.0,0.0,0.0,0.0,0.0,0.0,0.0,0.0,0.0
277,EU-15,CF4,7.39,7.39,7.39,7.39,7.39,7.39,7.39,0.0,0.0,0.0,0.0,0.0,0.0,0.0,0.0,0.0,0.0,0.0,0.0,0.0,0.0
278,EU-15,HFC125,3.5,3.5,3.5,3.5,3.5,3.5,3.5,0.0,0.0,0.0,0.0,0.0,0.0,0.0,0.0,0.0,0.0,0.0,0.0,0.0,0.0
279,EU-15,HFC134a,1.43,1.43,1.43,1.43,1.43,1.43,1.43,0.0,0.0,0.0,0.0,0.0,0.0,0.0,0.0,0.0,0.0,0.0,0.0,0.0,0.0
280,EU-15,HFC245fa,1.03,1.03,1.03,1.03,1.03,1.03,1.03,0.0,0.0,0.0,0.0,0.0,0.0,0.0,0.0,0.0,0.0,0.0,0.0,0.0,0.0
281,EU-15,SF6,22.8,22.8,22.8,22.8,22.8,22.8,22.8,0.0,0.0,0.0,0.0,0.0,0.0,0.0,0.0,0.0,0.0,0.0,0.0,0.0,0.0
282,EU-15,CH4_AWB,25.0,25.0,25.0,25.0,25.0,25.0,25.0,0.0,0.0,0.0,0.0,0.0,0.0,0.0,0.0,0.0,0.0,0.0,0.0,0.0,0.0
283,EU-15,CH4_AGR,25.0,25.0,25.0,25.0,25.0,25.0,25.0,0.0,0.0,0.0,0.0,0.0,0.0,0.0,0.0,0.0,0.0,0.0,0.0,0.0,0.0
284,EU-15,N2O_AWB,298.0,298.0,298.0,298.0,298.0,298.0,298.0,0.0,0.0,0.0,0.0,0.0,0.0,0.0,0.0,0.0,0.0,0.0,0.0,0.0,0.0
285,EU-15,N2O_AGR,298.0,298.0,298.0,298.0,298.0,298.0,298.0,0.0,0.0,0.0,0.0,0.0,0.0,0.0,0.0,0.0,0.0,0.0,0.0,0.0,0.0
286,EU-15,CO2_LUC,0.0,0.0,0.0,0.0,0.0,0.0,0.0,0.0,0.0,0.0,0.0,0.0,0.0,0.0,0.0,0.0,0.0,0.0,0.0,0.0,0.0
287,EU-15,HFC143a,4.47,4.47,4.47,4.47,4.47,4.47,4.47,0.0,0.0,0.0,0.0,0.0,0.0,0.0,0.0,0.0,0.0,0.0,0.0,0.0,0.0
288,EU-15,HFC152a,0.124,0.124,0.124,0.124,0.124,0.124,0.124,0.0,0.0,0.0,0.0,0.0,0.0,0.0,0.0,0.0,0.0,0.0,0.0,0.0,0.0
289,EU-15,HFC227ea,3.22,3.22,3.22,3.22,3.22,3.22,3.22,0.0,0.0,0.0,0.0,0.0,0.0,0.0,0.0,0.0,0.0,0.0,0.0,0.0,0.0
290,EU-15,HFC23,14.8,14.8,14.8,14.8,14.8,14.8,14.8,0.0,0.0,0.0,0.0,0.0,0.0,0.0,0.0,0.0,0.0,0.0,0.0,0.0,0.0
291,EU-15,HFC236fa,9.81,9.81,9.81,9.81,9.81,9.81,9.81,0.0,0.0,0.0,0.0,0.0,0.0,0.0,0.0,0.0,0.0,0.0,0.0,0.0,0.0
292,EU-15,HFC32,0.675,0.675,0.675,0.675,0.675,0.675,0.675,0.0,0.0,0.0,0.0,0.0,0.0,0.0,0.0,0.0,0.0,0.0,0.0,0.0,0.0
293,EU-15,HFC365mfc,0.794,0.794,0.794,0.794,0.794,0.794,0.794,0.0,0.0,0.0,0.0,0.0,0.0,0.0,0.0,0.0,0.0,0.0,0.0,0.0,0.0
294,Europe_Eastern,CO2,3.666666667,3.666666667,3.666666667,3.666666667,3.666666667,3.666666667,3.666666667,3.666667,3.666667,3.666667,3.666667,3.666667,3.666667,3.666667,3.666667,3.666667,3.666667,3.666667,3.666667,3.666667,3.666667
295,Europe_Eastern,CH4,25.0,25.0,25.0,25.0,25.0,25.0,25.0,0.0,0.0,0.0,0.0,0.0,0.0,0.0,0.0,0.0,0.0,0.0,0.0,0.0,0.0
296,Europe_Eastern,N2O,298.0,298.0,298.0,298.0,298.0,298.0,298.0,0.0,0.0,0.0,0.0,0.0,0.0,0.0,0.0,0.0,0.0,0.0,0.0,0.0,0.0
297,Europe_Eastern,C2F6,12.2,12.2,12.2,12.2,12.2,12.2,12.2,0.0,0.0,0.0,0.0,0.0,0.0,0.0,0.0,0.0,0.0,0.0,0.0,0.0,0.0
298,Europe_Eastern,CF4,7.39,7.39,7.39,7.39,7.39,7.39,7.39,0.0,0.0,0.0,0.0,0.0,0.0,0.0,0.0,0.0,0.0,0.0,0.0,0.0,0.0
299,Europe_Eastern,HFC125,3.5,3.5,3.5,3.5,3.5,3.5,3.5,0.0,0.0,0.0,0.0,0.0,0.0,0.0,0.0,0.0,0.0,0.0,0.0,0.0,0.0
300,Europe_Eastern,HFC134a,1.43,1.43,1.43,1.43,1.43,1.43,1.43,0.0,0.0,0.0,0.0,0.0,0.0,0.0,0.0,0.0,0.0,0.0,0.0,0.0,0.0
301,Europe_Eastern,HFC245fa,1.03,1.03,1.03,1.03,1.03,1.03,1.03,0.0,0.0,0.0,0.0,0.0,0.0,0.0,0.0,0.0,0.0,0.0,0.0,0.0,0.0
302,Europe_Eastern,SF6,22.8,22.8,22.8,22.8,22.8,22.8,22.8,0.0,0.0,0.0,0.0,0.0,0.0,0.0,0.0,0.0,0.0,0.0,0.0,0.0,0.0
303,Europe_Eastern,CH4_AWB,25.0,25.0,25.0,25.0,25.0,25.0,25.0,0.0,0.0,0.0,0.0,0.0,0.0,0.0,0.0,0.0,0.0,0.0,0.0,0.0,0.0
304,Europe_Eastern,CH4_AGR,25.0,25.0,25.0,25.0,25.0,25.0,25.0,0.0,0.0,0.0,0.0,0.0,0.0,0.0,0.0,0.0,0.0,0.0,0.0,0.0,0.0
305,Europe_Eastern,N2O_AWB,298.0,298.0,298.0,298.0,298.0,298.0,298.0,0.0,0.0,0.0,0.0,0.0,0.0,0.0,0.0,0.0,0.0,0.0,0.0,0.0,0.0
306,Europe_Eastern,N2O_AGR,298.0,298.0,298.0,298.0,298.0,298.0,298.0,0.0,0.0,0.0,0.0,0.0,0.0,0.0,0.0,0.0,0.0,0.0,0.0,0.0,0.0
307,Europe_Eastern,CO2_LUC,0.0,0.0,0.0,0.0,0.0,0.0,0.0,0.0,0.0,0.0,0.0,0.0,0.0,0.0,0.0,0.0,0.0,0.0,0.0,0.0,0.0
308,Europe_Eastern,HFC143a,4.47,4.47,4.47,4.47,4.47,4.47,4.47,0.0,0.0,0.0,0.0,0.0,0.0,0.0,0.0,0.0,0.0,0.0,0.0,0.0,0.0
309,Europe_Eastern,HFC152a,0.124,0.124,0.124,0.124,0.124,0.124,0.124,0.0,0.0,0.0,0.0,0.0,0.0,0.0,0.0,0.0,0.0,0.0,0.0,0.0,0.0
310,Europe_Eastern,HFC227ea,3.22,3.22,3.22,3.22,3.22,3.22,3.22,0.0,0.0,0.0,0.0,0.0,0.0,0.0,0.0,0.0,0.0,0.0,0.0,0.0,0.0
311,Europe_Eastern,HFC23,14.8,14.8,14.8,14.8,14.8,14.8,14.8,0.0,0.0,0.0,0.0,0.0,0.0,0.0,0.0,0.0,0.0,0.0,0.0,0.0,0.0
312,Europe_Eastern,HFC236fa,9.81,9.81,9.81,9.81,9.81,9.81,9.81,0.0,0.0,0.0,0.0,0.0,0.0,0.0,0.0,0.0,0.0,0.0,0.0,0.0,0.0
313,Europe_Eastern,HFC32,0.675,0.675,0.675,0.675,0.675,0.675,0.675,0.0,0.0,0.0,0.0,0.0,0.0,0.0,0.0,0.0,0.0,0.0,0.0,0.0,0.0
314,Europe_Eastern,HFC365mfc,0.794,0.794,0.794,0.794,0.794,0.794,0.794,0.0,0.0,0.0,0.0,0.0,0.0,0.0,0.0,0.0,0.0,0.0,0.0,0.0,0.0
315,Europe_Non_EU,CO2,3.666666667,3.666666667,3.666666667,3.666666667,3.666666667,3.666666667,3.666666667,3.666667,3.666667,3.666667,3.666667,3.666667,3.666667,3.666667,3.666667,3.666667,3.666667,3.666667,3.666667,3.666667,3.666667
316,Europe_Non_EU,CH4,25.0,25.0,25.0,25.0,25.0,25.0,25.0,0.0,0.0,0.0,0.0,0.0,0.0,0.0,0.0,0.0,0.0,0.0,0.0,0.0,0.0
317,Europe_Non_EU,N2O,298.0,298.0,298.0,298.0,298.0,298.0,298.0,0.0,0.0,0.0,0.0,0.0,0.0,0.0,0.0,0.0,0.0,0.0,0.0,0.0,0.0
318,Europe_Non_EU,C2F6,12.2,12.2,12.2,12.2,12.2,12.2,12.2,0.0,0.0,0.0,0.0,0.0,0.0,0.0,0.0,0.0,0.0,0.0,0.0,0.0,0.0
319,Europe_Non_EU,CF4,7.39,7.39,7.39,7.39,7.39,7.39,7.39,0.0,0.0,0.0,0.0,0.0,0.0,0.0,0.0,0.0,0.0,0.0,0.0,0.0,0.0
320,Europe_Non_EU,HFC125,3.5,3.5,3.5,3.5,3.5,3.5,3.5,0.0,0.0,0.0,0.0,0.0,0.0,0.0,0.0,0.0,0.0,0.0,0.0,0.0,0.0
321,Europe_Non_EU,HFC134a,1.43,1.43,1.43,1.43,1.43,1.43,1.43,0.0,0.0,0.0,0.0,0.0,0.0,0.0,0.0,0.0,0.0,0.0,0.0,0.0,0.0
322,Europe_Non_EU,HFC245fa,1.03,1.03,1.03,1.03,1.03,1.03,1.03,0.0,0.0,0.0,0.0,0.0,0.0,0.0,0.0,0.0,0.0,0.0,0.0,0.0,0.0
323,Europe_Non_EU,SF6,22.8,22.8,22.8,22.8,22.8,22.8,22.8,0.0,0.0,0.0,0.0,0.0,0.0,0.0,0.0,0.0,0.0,0.0,0.0,0.0,0.0
324,Europe_Non_EU,CH4_AWB,25.0,25.0,25.0,25.0,25.0,25.0,25.0,0.0,0.0,0.0,0.0,0.0,0.0,0.0,0.0,0.0,0.0,0.0,0.0,0.0,0.0
325,Europe_Non_EU,CH4_AGR,25.0,25.0,25.0,25.0,25.0,25.0,25.0,0.0,0.0,0.0,0.0,0.0,0.0,0.0,0.0,0.0,0.0,0.0,0.0,0.0,0.0
326,Europe_Non_EU,N2O_AWB,298.0,298.0,298.0,298.0,298.0,298.0,298.0,0.0,0.0,0.0,0.0,0.0,0.0,0.0,0.0,0.0,0.0,0.0,0.0,0.0,0.0
327,Europe_Non_EU,N2O_AGR,298.0,298.0,298.0,298.0,298.0,298.0,298.0,0.0,0.0,0.0,0.0,0.0,0.0,0.0,0.0,0.0,0.0,0.0,0.0,0.0,0.0
328,Europe_Non_EU,CO2_LUC,0.0,0.0,0.0,0.0,0.0,0.0,0.0,0.0,0.0,0.0,0.0,0.0,0.0,0.0,0.0,0.0,0.0,0.0,0.0,0.0,0.0
329,Europe_Non_EU,HFC143a,4.47,4.47,4.47,4.47,4.47,4.47,4.47,0.0,0.0,0.0,0.0,0.0,0.0,0.0,0.0,0.0,0.0,0.0,0.0,0.0,0.0
330,Europe_Non_EU,HFC152a,0.124,0.124,0.124,0.124,0.124,0.124,0.124,0.0,0.0,0.0,0.0,0.0,0.0,0.0,0.0,0.0,0.0,0.0,0.0,0.0,0.0
331,Europe_Non_EU,HFC227ea,3.22,3.22,3.22,3.22,3.22,3.22,3.22,0.0,0.0,0.0,0.0,0.0,0.0,0.0,0.0,0.0,0.0,0.0,0.0,0.0,0.0
332,Europe_Non_EU,HFC23,14.8,14.8,14.8,14.8,14.8,14.8,14.8,0.0,0.0,0.0,0.0,0.0,0.0,0.0,0.0,0.0,0.0,0.0,0.0,0.0,0.0
333,Europe_Non_EU,HFC236fa,9.81,9.81,9.81,9.81,9.81,9.81,9.81,0.0,0.0,0.0,0.0,0.0,0.0,0.0,0.0,0.0,0.0,0.0,0.0,0.0,0.0
334,Europe_Non_EU,HFC32,0.675,0.675,0.675,0.675,0.675,0.675,0.675,0.0,0.0,0.0,0.0,0.0,0.0,0.0,0.0,0.0,0.0,0.0,0.0,0.0,0.0
335,Europe_Non_EU,HFC365mfc,0.794,0.794,0.794,0.794,0.794,0.794,0.794,0.0,0.0,0.0,0.0,0.0,0.0,0.0,0.0,0.0,0.0,0.0,0.0,0.0,0.0
336,European Free Trade Association,CO2,3.666666667,3.666666667,3.666666667,3.666666667,3.666666667,3.666666667,3.666666667,3.666667,3.666667,3.666667,3.666667,3.666667,3.666667,3.666667,3.666667,3.666667,3.666667,3.666667,3.666667,3.666667,3.666667
337,European Free Trade Association,CH4,25.0,25.0,25.0,25.0,25.0,25.0,25.0,0.0,0.0,0.0,0.0,0.0,0.0,0.0,0.0,0.0,0.0,0.0,0.0,0.0,0.0
338,European Free Trade Association,N2O,298.0,298.0,298.0,298.0,298.0,298.0,298.0,0.0,0.0,0.0,0.0,0.0,0.0,0.0,0.0,0.0,0.0,0.0,0.0,0.0,0.0
339,European Free Trade Association,C2F6,12.2,12.2,12.2,12.2,12.2,12.2,12.2,0.0,0.0,0.0,0.0,0.0,0.0,0.0,0.0,0.0,0.0,0.0,0.0,0.0,0.0
340,European Free Trade Association,CF4,7.39,7.39,7.39,7.39,7.39,7.39,7.39,0.0,0.0,0.0,0.0,0.0,0.0,0.0,0.0,0.0,0.0,0.0,0.0,0.0,0.0
341,European Free Trade Association,HFC125,3.5,3.5,3.5,3.5,3.5,3.5,3.5,0.0,0.0,0.0,0.0,0.0,0.0,0.0,0.0,0.0,0.0,0.0,0.0,0.0,0.0
342,European Free Trade Association,HFC134a,1.43,1.43,1.43,1.43,1.43,1.43,1.43,0.0,0.0,0.0,0.0,0.0,0.0,0.0,0.0,0.0,0.0,0.0,0.0,0.0,0.0
343,European Free Trade Association,HFC245fa,1.03,1.03,1.03,1.03,1.03,1.03,1.03,0.0,0.0,0.0,0.0,0.0,0.0,0.0,0.0,0.0,0.0,0.0,0.0,0.0,0.0
344,European Free Trade Association,SF6,22.8,22.8,22.8,22.8,22.8,22.8,22.8,0.0,0.0,0.0,0.0,0.0,0.0,0.0,0.0,0.0,0.0,0.0,0.0,0.0,0.0
345,European Free Trade Association,CH4_AWB,25.0,25.0,25.0,25.0,25.0,25.0,25.0,0.0,0.0,0.0,0.0,0.0,0.0,0.0,0.0,0.0,0.0,0.0,0.0,0.0,0.0
346,European Free Trade Association,CH4_AGR,25.0,25.0,25.0,25.0,25.0,25.0,25.0,0.0,0.0,0.0,0.0,0.0,0.0,0.0,0.0,0.0,0.0,0.0,0.0,0.0,0.0
347,European Free Trade Association,N2O_AWB,298.0,298.0,298.0,298.0,298.0,298.0,298.0,0.0,0.0,0.0,0.0,0.0,0.0,0.0,0.0,0.0,0.0,0.0,0.0,0.0,0.0
348,European Free Trade Association,N2O_AGR,298.0,298.0,298.0,298.0,298.0,298.0,298.0,0.0,0.0,0.0,0.0,0.0,0.0,0.0,0.0,0.0,0.0,0.0,0.0,0.0,0.0
349,European Free Trade Association,CO2_LUC,0.0,0.0,0.0,0.0,0.0,0.0,0.0,0.0,0.0,0.0,0.0,0.0,0.0,0.0,0.0,0.0,0.0,0.0,0.0,0.0,0.0
350,European Free Trade Association,HFC143a,4.47,4.47,4.47,4.47,4.47,4.47,4.47,0.0,0.0,0.0,0.0,0.0,0.0,0.0,0.0,0.0,0.0,0.0,0.0,0.0,0.0
351,European Free Trade Association,HFC152a,0.124,0.124,0.124,0.124,0.124,0.124,0.124,0.0,0.0,0.0,0.0,0.0,0.0,0.0,0.0,0.0,0.0,0.0,0.0,0.0,0.0
352,European Free Trade Association,HFC227ea,3.22,3.22,3.22,3.22,3.22,3.22,3.22,0.0,0.0,0.0,0.0,0.0,0.0,0.0,0.0,0.0,0.0,0.0,0.0,0.0,0.0
353,European Free Trade Association,HFC23,14.8,14.8,14.8,14.8,14.8,14.8,14.8,0.0,0.0,0.0,0.0,0.0,0.0,0.0,0.0,0.0,0.0,0.0,0.0,0.0,0.0
354,European Free Trade Association,HFC236fa,9.81,9.81,9.81,9.81,9.81,9.81,9.81,0.0,0.0,0.0,0.0,0.0,0.0,0.0,0.0,0.0,0.0,0.0,0.0,0.0,0.0
355,European Free Trade Association,HFC32,0.675,0.675,0.675,0.675,0.675,0.675,0.675,0.0,0.0,0.0,0.0,0.0,0.0,0.0,0.0,0.0,0.0,0.0,0.0,0.0,0.0
356,European Free Trade Association,HFC365mfc,0.794,0.794,0.794,0.794,0.794,0.794,0.794,0.0,0.0,0.0,0.0,0.0,0.0,0.0,0.0,0.0,0.0,0.0,0.0,0.0,0.0
357,India,CO2,3.666666667,3.666666667,3.666666667,3.666666667,3.666666667,3.666666667,3.666666667,3.666667,3.666667,3.666667,3.666667,3.666667,3.666667,3.666667,3.666667,3.666667,3.666667,3.666667,3.666667,3.666667,3.666667
358,India,CH4,0.0,0.0,0.0,0.0,0.0,0.0,0.0,0.0,0.0,0.0,0.0,0.0,0.0,0.0,0.0,0.0,0.0,0.0,0.0,0.0,0.0
359,India,N2O,0.0,0.0,0.0,0.0,0.0,0.0,0.0,0.0,0.0,0.0,0.0,0.0,0.0,0.0,0.0,0.0,0.0,0.0,0.0,0.0,0.0
360,India,C2F6,0.0,0.0,0.0,0.0,0.0,0.0,0.0,0.0,0.0,0.0,0.0,0.0,0.0,0.0,0.0,0.0,0.0,0.0,0.0,0.0,0.0
361,India,CF4,0.0,0.0,0.0,0.0,0.0,0.0,0.0,0.0,0.0,0.0,0.0,0.0,0.0,0.0,0.0,0.0,0.0,0.0,0.0,0.0,0.0
362,India,HFC125,0.0,0.0,0.0,0.0,0.0,0.0,0.0,0.0,0.0,0.0,0.0,0.0,0.0,0.0,0.0,0.0,0.0,0.0,0.0,0.0,0.0
363,India,HFC134a,0.0,0.0,0.0,0.0,0.0,0.0,0.0,0.0,0.0,0.0,0.0,0.0,0.0,0.0,0.0,0.0,0.0,0.0,0.0,0.0,0.0
364,India,HFC245fa,0.0,0.0,0.0,0.0,0.0,0.0,0.0,0.0,0.0,0.0,0.0,0.0,0.0,0.0,0.0,0.0,0.0,0.0,0.0,0.0,0.0
365,India,SF6,0.0,0.0,0.0,0.0,0.0,0.0,0.0,0.0,0.0,0.0,0.0,0.0,0.0,0.0,0.0,0.0,0.0,0.0,0.0,0.0,0.0
366,India,CH4_AWB,0.0,0.0,0.0,0.0,0.0,0.0,0.0,0.0,0.0,0.0,0.0,0.0,0.0,0.0,0.0,0.0,0.0,0.0,0.0,0.0,0.0
367,India,CH4_AGR,0.0,0.0,0.0,0.0,0.0,0.0,0.0,0.0,0.0,0.0,0.0,0.0,0.0,0.0,0.0,0.0,0.0,0.0,0.0,0.0,0.0
368,India,N2O_AWB,0.0,0.0,0.0,0.0,0.0,0.0,0.0,0.0,0.0,0.0,0.0,0.0,0.0,0.0,0.0,0.0,0.0,0.0,0.0,0.0,0.0
369,India,N2O_AGR,0.0,0.0,0.0,0.0,0.0,0.0,0.0,0.0,0.0,0.0,0.0,0.0,0.0,0.0,0.0,0.0,0.0,0.0,0.0,0.0,0.0
370,India,CO2_LUC,0.0,0.0,0.0,0.0,0.0,0.0,0.0,0.0,0.0,0.0,0.0,0.0,0.0,0.0,0.0,0.0,0.0,0.0,0.0,0.0,0.0
371,India,HFC143a,0.0,0.0,0.0,0.0,0.0,0.0,0.0,0.0,0.0,0.0,0.0,0.0,0.0,0.0,0.0,0.0,0.0,0.0,0.0,0.0,0.0
372,India,HFC152a,0.0,0.0,0.0,0.0,0.0,0.0,0.0,0.0,0.0,0.0,0.0,0.0,0.0,0.0,0.0,0.0,0.0,0.0,0.0,0.0,0.0
373,India,HFC227ea,0.0,0.0,0.0,0.0,0.0,0.0,0.0,0.0,0.0,0.0,0.0,0.0,0.0,0.0,0.0,0.0,0.0,0.0,0.0,0.0,0.0
374,India,HFC23,0.0,0.0,0.0,0.0,0.0,0.0,0.0,0.0,0.0,0.0,0.0,0.0,0.0,0.0,0.0,0.0,0.0,0.0,0.0,0.0,0.0
375,India,HFC236fa,0.0,0.0,0.0,0.0,0.0,0.0,0.0,0.0,0.0,0.0,0.0,0.0,0.0,0.0,0.0,0.0,0.0,0.0,0.0,0.0,0.0
376,India,HFC32,0.0,0.0,0.0,0.0,0.0,0.0,0.0,0.0,0.0,0.0,0.0,0.0,0.0,0.0,0.0,0.0,0.0,0.0,0.0,0.0,0.0
377,India,HFC365mfc,0.0,0.0,0.0,0.0,0.0,0.0,0.0,0.0,0.0,0.0,0.0,0.0,0.0,0.0,0.0,0.0,0.0,0.0,0.0,0.0,0.0
378,Indonesia,CO2,3.666666667,3.666666667,3.666666667,3.666666667,3.666666667,3.666666667,3.666666667,3.666667,3.666667,3.666667,3.666667,3.666667,3.666667,3.666667,3.666667,3.666667,3.666667,3.666667,3.666667,3.666667,3.666667
379,Indonesia,CH4,25.0,25.0,25.0,25.0,25.0,25.0,25.0,0.0,0.0,0.0,0.0,0.0,0.0,0.0,0.0,0.0,0.0,0.0,0.0,0.0,0.0
380,Indonesia,N2O,298.0,298.0,298.0,298.0,298.0,298.0,298.0,0.0,0.0,0.0,0.0,0.0,0.0,0.0,0.0,0.0,0.0,0.0,0.0,0.0,0.0
381,Indonesia,C2F6,12.2,12.2,12.2,12.2,12.2,12.2,12.2,0.0,0.0,0.0,0.0,0.0,0.0,0.0,0.0,0.0,0.0,0.0,0.0,0.0,0.0
382,Indonesia,CF4,7.39,7.39,7.39,7.39,7.39,7.39,7.39,0.0,0.0,0.0,0.0,0.0,0.0,0.0,0.0,0.0,0.0,0.0,0.0,0.0,0.0
383,Indonesia,HFC125,3.5,3.5,3.5,3.5,3.5,3.5,3.5,0.0,0.0,0.0,0.0,0.0,0.0,0.0,0.0,0.0,0.0,0.0,0.0,0.0,0.0
384,Indonesia,HFC134a,1.43,1.43,1.43,1.43,1.43,1.43,1.43,0.0,0.0,0.0,0.0,0.0,0.0,0.0,0.0,0.0,0.0,0.0,0.0,0.0,0.0
385,Indonesia,HFC245fa,1.03,1.03,1.03,1.03,1.03,1.03,1.03,0.0,0.0,0.0,0.0,0.0,0.0,0.0,0.0,0.0,0.0,0.0,0.0,0.0,0.0
386,Indonesia,SF6,22.8,22.8,22.8,22.8,22.8,22.8,22.8,0.0,0.0,0.0,0.0,0.0,0.0,0.0,0.0,0.0,0.0,0.0,0.0,0.0,0.0
387,Indonesia,CH4_AWB,25.0,25.0,25.0,25.0,25.0,25.0,25.0,0.0,0.0,0.0,0.0,0.0,0.0,0.0,0.0,0.0,0.0,0.0,0.0,0.0,0.0
388,Indonesia,CH4_AGR,25.0,25.0,25.0,25.0,25.0,25.0,25.0,0.0,0.0,0.0,0.0,0.0,0.0,0.0,0.0,0.0,0.0,0.0,0.0,0.0,0.0
389,Indonesia,N2O_AWB,298.0,298.0,298.0,298.0,298.0,298.0,298.0,0.0,0.0,0.0,0.0,0.0,0.0,0.0,0.0,0.0,0.0,0.0,0.0,0.0,0.0
390,Indonesia,N2O_AGR,298.0,298.0,298.0,298.0,298.0,298.0,298.0,0.0,0.0,0.0,0.0,0.0,0.0,0.0,0.0,0.0,0.0,0.0,0.0,0.0,0.0
391,Indonesia,CO2_LUC,0.0,0.0,0.0,0.0,0.0,0.0,0.0,0.0,0.0,0.0,0.0,0.0,0.0,0.0,0.0,0.0,0.0,0.0,0.0,0.0,0.0
392,Indonesia,HFC143a,4.47,4.47,4.47,4.47,4.47,4.47,4.47,0.0,0.0,0.0,0.0,0.0,0.0,0.0,0.0,0.0,0.0,0.0,0.0,0.0,0.0
393,Indonesia,HFC152a,0.124,0.124,0.124,0.124,0.124,0.124,0.124,0.0,0.0,0.0,0.0,0.0,0.0,0.0,0.0,0.0,0.0,0.0,0.0,0.0,0.0
394,Indonesia,HFC227ea,3.22,3.22,3.22,3.22,3.22,3.22,3.22,0.0,0.0,0.0,0.0,0.0,0.0,0.0,0.0,0.0,0.0,0.0,0.0,0.0,0.0
395,Indonesia,HFC23,14.8,14.8,14.8,14.8,14.8,14.8,14.8,0.0,0.0,0.0,0.0,0.0,0.0,0.0,0.0,0.0,0.0,0.0,0.0,0.0,0.0
396,Indonesia,HFC236fa,9.81,9.81,9.81,9.81,9.81,9.81,9.81,0.0,0.0,0.0,0.0,0.0,0.0,0.0,0.0,0.0,0.0,0.0,0.0,0.0,0.0
397,Indonesia,HFC32,0.675,0.675,0.675,0.675,0.675,0.675,0.675,0.0,0.0,0.0,0.0,0.0,0.0,0.0,0.0,0.0,0.0,0.0,0.0,0.0,0.0
398,Indonesia,HFC365mfc,0.794,0.794,0.794,0.794,0.794,0.794,0.794,0.0,0.0,0.0,0.0,0.0,0.0,0.0,0.0,0.0,0.0,0.0,0.0,0.0,0.0
399,Japan,CO2,3.666666667,3.666666667,3.666666667,3.666666667,3.666666667,3.666666667,3.666666667,3.666667,3.666667,3.666667,3.666667,3.666667,3.666667,3.666667,3.666667,3.666667,3.666667,3.666667,3.666667,3.666667,3.666667
400,Japan,CH4,25.0,25.0,25.0,25.0,25.0,25.0,25.0,0.0,0.0,0.0,0.0,0.0,0.0,0.0,0.0,0.0,0.0,0.0,0.0,0.0,0.0
401,Japan,N2O,298.0,298.0,298.0,298.0,298.0,298.0,298.0,0.0,0.0,0.0,0.0,0.0,0.0,0.0,0.0,0.0,0.0,0.0,0.0,0.0,0.0
402,Japan,C2F6,12.2,12.2,12.2,12.2,12.2,12.2,12.2,0.0,0.0,0.0,0.0,0.0,0.0,0.0,0.0,0.0,0.0,0.0,0.0,0.0,0.0
403,Japan,CF4,7.39,7.39,7.39,7.39,7.39,7.39,7.39,0.0,0.0,0.0,0.0,0.0,0.0,0.0,0.0,0.0,0.0,0.0,0.0,0.0,0.0
404,Japan,HFC125,3.5,3.5,3.5,3.5,3.5,3.5,3.5,0.0,0.0,0.0,0.0,0.0,0.0,0.0,0.0,0.0,0.0,0.0,0.0,0.0,0.0
405,Japan,HFC134a,1.43,1.43,1.43,1.43,1.43,1.43,1.43,0.0,0.0,0.0,0.0,0.0,0.0,0.0,0.0,0.0,0.0,0.0,0.0,0.0,0.0
406,Japan,HFC245fa,1.03,1.03,1.03,1.03,1.03,1.03,1.03,0.0,0.0,0.0,0.0,0.0,0.0,0.0,0.0,0.0,0.0,0.0,0.0,0.0,0.0
407,Japan,SF6,22.8,22.8,22.8,22.8,22.8,22.8,22.8,0.0,0.0,0.0,0.0,0.0,0.0,0.0,0.0,0.0,0.0,0.0,0.0,0.0,0.0
408,Japan,CH4_AWB,25.0,25.0,25.0,25.0,25.0,25.0,25.0,0.0,0.0,0.0,0.0,0.0,0.0,0.0,0.0,0.0,0.0,0.0,0.0,0.0,0.0
409,Japan,CH4_AGR,25.0,25.0,25.0,25.0,25.0,25.0,25.0,0.0,0.0,0.0,0.0,0.0,0.0,0.0,0.0,0.0,0.0,0.0,0.0,0.0,0.0
410,Japan,N2O_AWB,298.0,298.0,298.0,298.0,298.0,298.0,298.0,0.0,0.0,0.0,0.0,0.0,0.0,0.0,0.0,0.0,0.0,0.0,0.0,0.0,0.0
411,Japan,N2O_AGR,298.0,298.0,298.0,298.0,298.0,298.0,298.0,0.0,0.0,0.0,0.0,0.0,0.0,0.0,0.0,0.0,0.0,0.0,0.0,0.0,0.0
412,Japan,CO2_LUC,0.0,0.0,0.0,0.0,0.0,0.0,0.0,0.0,0.0,0.0,0.0,0.0,0.0,0.0,0.0,0.0,0.0,0.0,0.0,0.0,0.0
413,Japan,HFC143a,4.47,4.47,4.47,4.47,4.47,4.47,4.47,0.0,0.0,0.0,0.0,0.0,0.0,0.0,0.0,0.0,0.0,0.0,0.0,0.0,0.0
414,Japan,HFC152a,0.124,0.124,0.124,0.124,0.124,0.124,0.124,0.0,0.0,0.0,0.0,0.0,0.0,0.0,0.0,0.0,0.0,0.0,0.0,0.0,0.0
415,Japan,HFC227ea,3.22,3.22,3.22,3.22,3.22,3.22,3.22,0.0,0.0,0.0,0.0,0.0,0.0,0.0,0.0,0.0,0.0,0.0,0.0,0.0,0.0
416,Japan,HFC23,14.8,14.8,14.8,14.8,14.8,14.8,14.8,0.0,0.0,0.0,0.0,0.0,0.0,0.0,0.0,0.0,0.0,0.0,0.0,0.0,0.0
417,Japan,HFC236fa,9.81,9.81,9.81,9.81,9.81,9.81,9.81,0.0,0.0,0.0,0.0,0.0,0.0,0.0,0.0,0.0,0.0,0.0,0.0,0.0,0.0
418,Japan,HFC32,0.675,0.675,0.675,0.675,0.675,0.675,0.675,0.0,0.0,0.0,0.0,0.0,0.0,0.0,0.0,0.0,0.0,0.0,0.0,0.0,0.0
419,Japan,HFC365mfc,0.794,0.794,0.794,0.794,0.794,0.794,0.794,0.0,0.0,0.0,0.0,0.0,0.0,0.0,0.0,0.0,0.0,0.0,0.0,0.0,0.0
420,Mexico,CO2,3.666666667,3.666666667,3.666666667,3.666666667,3.666666667,3.666666667,3.666666667,3.666667,3.666667,3.666667,3.666667,3.666667,3.666667,3.666667,3.666667,3.666667,3.666667,3.666667,3.666667,3.666667,3.666667
421,Mexico,CH4,25.0,25.0,25.0,25.0,25.0,25.0,25.0,0.0,0.0,0.0,0.0,0.0,0.0,0.0,0.0,0.0,0.0,0.0,0.0,0.0,0.0
422,Mexico,N2O,298.0,298.0,298.0,298.0,298.0,298.0,298.0,0.0,0.0,0.0,0.0,0.0,0.0,0.0,0.0,0.0,0.0,0.0,0.0,0.0,0.0
423,Mexico,C2F6,12.2,12.2,12.2,12.2,12.2,12.2,12.2,0.0,0.0,0.0,0.0,0.0,0.0,0.0,0.0,0.0,0.0,0.0,0.0,0.0,0.0
424,Mexico,CF4,7.39,7.39,7.39,7.39,7.39,7.39,7.39,0.0,0.0,0.0,0.0,0.0,0.0,0.0,0.0,0.0,0.0,0.0,0.0,0.0,0.0
425,Mexico,HFC125,3.5,3.5,3.5,3.5,3.5,3.5,3.5,0.0,0.0,0.0,0.0,0.0,0.0,0.0,0.0,0.0,0.0,0.0,0.0,0.0,0.0
426,Mexico,HFC134a,1.43,1.43,1.43,1.43,1.43,1.43,1.43,0.0,0.0,0.0,0.0,0.0,0.0,0.0,0.0,0.0,0.0,0.0,0.0,0.0,0.0
427,Mexico,HFC245fa,1.03,1.03,1.03,1.03,1.03,1.03,1.03,0.0,0.0,0.0,0.0,0.0,0.0,0.0,0.0,0.0,0.0,0.0,0.0,0.0,0.0
428,Mexico,SF6,22.8,22.8,22.8,22.8,22.8,22.8,22.8,0.0,0.0,0.0,0.0,0.0,0.0,0.0,0.0,0.0,0.0,0.0,0.0,0.0,0.0
429,Mexico,CH4_AWB,25.0,25.0,25.0,25.0,25.0,25.0,25.0,0.0,0.0,0.0,0.0,0.0,0.0,0.0,0.0,0.0,0.0,0.0,0.0,0.0,0.0
430,Mexico,CH4_AGR,25.0,25.0,25.0,25.0,25.0,25.0,25.0,0.0,0.0,0.0,0.0,0.0,0.0,0.0,0.0,0.0,0.0,0.0,0.0,0.0,0.0
431,Mexico,N2O_AWB,298.0,298.0,298.0,298.0,298.0,298.0,298.0,0.0,0.0,0.0,0.0,0.0,0.0,0.0,0.0,0.0,0.0,0.0,0.0,0.0,0.0
432,Mexico,N2O_AGR,298.0,298.0,298.0,298.0,298.0,298.0,298.0,0.0,0.0,0.0,0.0,0.0,0.0,0.0,0.0,0.0,0.0,0.0,0.0,0.0,0.0
433,Mexico,CO2_LUC,0.0,0.0,0.0,0.0,0.0,0.0,0.0,0.0,0.0,0.0,0.0,0.0,0.0,0.0,0.0,0.0,0.0,0.0,0.0,0.0,0.0
434,Mexico,HFC143a,4.47,4.47,4.47,4.47,4.47,4.47,4.47,0.0,0.0,0.0,0.0,0.0,0.0,0.0,0.0,0.0,0.0,0.0,0.0,0.0,0.0
435,Mexico,HFC152a,0.124,0.124,0.124,0.124,0.124,0.124,0.124,0.0,0.0,0.0,0.0,0.0,0.0,0.0,0.0,0.0,0.0,0.0,0.0,0.0,0.0
436,Mexico,HFC227ea,3.22,3.22,3.22,3.22,3.22,3.22,3.22,0.0,0.0,0.0,0.0,0.0,0.0,0.0,0.0,0.0,0.0,0.0,0.0,0.0,0.0
437,Mexico,HFC23,14.8,14.8,14.8,14.8,14.8,14.8,14.8,0.0,0.0,0.0,0.0,0.0,0.0,0.0,0.0,0.0,0.0,0.0,0.0,0.0,0.0
438,Mexico,HFC236fa,9.81,9.81,9.81,9.81,9.81,9.81,9.81,0.0,0.0,0.0,0.0,0.0,0.0,0.0,0.0,0.0,0.0,0.0,0.0,0.0,0.0
439,Mexico,HFC32,0.675,0.675,0.675,0.675,0.675,0.675,0.675,0.0,0.0,0.0,0.0,0.0,0.0,0.0,0.0,0.0,0.0,0.0,0.0,0.0,0.0
440,Mexico,HFC365mfc,0.794,0.794,0.794,0.794,0.794,0.794,0.794,0.0,0.0,0.0,0.0,0.0,0.0,0.0,0.0,0.0,0.0,0.0,0.0,0.0,0.0
441,Middle East,CO2,3.666666667,3.666666667,3.666666667,3.666666667,3.666666667,3.666666667,3.666666667,3.666667,3.666667,3.666667,3.666667,3.666667,3.666667,3.666667,3.666667,3.666667,3.666667,3.666667,3.666667,3.666667,3.666667
442,Middle East,CH4,25.0,25.0,25.0,25.0,25.0,25.0,25.0,0.0,0.0,0.0,0.0,0.0,0.0,0.0,0.0,0.0,0.0,0.0,0.0,0.0,0.0
443,Middle East,N2O,298.0,298.0,298.0,298.0,298.0,298.0,298.0,0.0,0.0,0.0,0.0,0.0,0.0,0.0,0.0,0.0,0.0,0.0,0.0,0.0,0.0
444,Middle East,C2F6,12.2,12.2,12.2,12.2,12.2,12.2,12.2,0.0,0.0,0.0,0.0,0.0,0.0,0.0,0.0,0.0,0.0,0.0,0.0,0.0,0.0
445,Middle East,CF4,7.39,7.39,7.39,7.39,7.39,7.39,7.39,0.0,0.0,0.0,0.0,0.0,0.0,0.0,0.0,0.0,0.0,0.0,0.0,0.0,0.0
446,Middle East,HFC125,3.5,3.5,3.5,3.5,3.5,3.5,3.5,0.0,0.0,0.0,0.0,0.0,0.0,0.0,0.0,0.0,0.0,0.0,0.0,0.0,0.0
447,Middle East,HFC134a,1.43,1.43,1.43,1.43,1.43,1.43,1.43,0.0,0.0,0.0,0.0,0.0,0.0,0.0,0.0,0.0,0.0,0.0,0.0,0.0,0.0
448,Middle East,HFC245fa,1.03,1.03,1.03,1.03,1.03,1.03,1.03,0.0,0.0,0.0,0.0,0.0,0.0,0.0,0.0,0.0,0.0,0.0,0.0,0.0,0.0
449,Middle East,SF6,22.8,22.8,22.8,22.8,22.8,22.8,22.8,0.0,0.0,0.0,0.0,0.0,0.0,0.0,0.0,0.0,0.0,0.0,0.0,0.0,0.0
450,Middle East,CH4_AWB,25.0,25.0,25.0,25.0,25.0,25.0,25.0,0.0,0.0,0.0,0.0,0.0,0.0,0.0,0.0,0.0,0.0,0.0,0.0,0.0,0.0
451,Middle East,CH4_AGR,25.0,25.0,25.0,25.0,25.0,25.0,25.0,0.0,0.0,0.0,0.0,0.0,0.0,0.0,0.0,0.0,0.0,0.0,0.0,0.0,0.0
452,Middle East,N2O_AWB,298.0,298.0,298.0,298.0,298.0,298.0,298.0,0.0,0.0,0.0,0.0,0.0,0.0,0.0,0.0,0.0,0.0,0.0,0.0,0.0,0.0
453,Middle East,N2O_AGR,298.0,298.0,298.0,298.0,298.0,298.0,298.0,0.0,0.0,0.0,0.0,0.0,0.0,0.0,0.0,0.0,0.0,0.0,0.0,0.0,0.0
454,Middle East,CO2_LUC,0.0,0.0,0.0,0.0,0.0,0.0,0.0,0.0,0.0,0.0,0.0,0.0,0.0,0.0,0.0,0.0,0.0,0.0,0.0,0.0,0.0
455,Middle East,HFC143a,4.47,4.47,4.47,4.47,4.47,4.47,4.47,0.0,0.0,0.0,0.0,0.0,0.0,0.0,0.0,0.0,0.0,0.0,0.0,0.0,0.0
456,Middle East,HFC152a,0.124,0.124,0.124,0.124,0.124,0.124,0.124,0.0,0.0,0.0,0.0,0.0,0.0,0.0,0.0,0.0,0.0,0.0,0.0,0.0,0.0
457,Middle East,HFC227ea,3.22,3.22,3.22,3.22,3.22,3.22,3.22,0.0,0.0,0.0,0.0,0.0,0.0,0.0,0.0,0.0,0.0,0.0,0.0,0.0,0.0
458,Middle East,HFC23,14.8,14.8,14.8,14.8,14.8,14.8,14.8,0.0,0.0,0.0,0.0,0.0,0.0,0.0,0.0,0.0,0.0,0.0,0.0,0.0,0.0
459,Middle East,HFC236fa,9.81,9.81,9.81,9.81,9.81,9.81,9.81,0.0,0.0,0.0,0.0,0.0,0.0,0.0,0.0,0.0,0.0,0.0,0.0,0.0,0.0
460,Middle East,HFC32,0.675,0.675,0.675,0.675,0.675,0.675,0.675,0.0,0.0,0.0,0.0,0.0,0.0,0.0,0.0,0.0,0.0,0.0,0.0,0.0,0.0
461,Middle East,HFC365mfc,0.794,0.794,0.794,0.794,0.794,0.794,0.794,0.0,0.0,0.0,0.0,0.0,0.0,0.0,0.0,0.0,0.0,0.0,0.0,0.0,0.0
462,Pakistan,CO2,3.666667,3.666667,3.666667,3.666667,3.666667,3.666667,3.666667,3.666667,3.666667,3.666667,3.666667,3.666667,3.666667,3.666667,3.666667,3.666667,3.666667,3.666667,3.666667,3.666667,3.666667
463,Pakistan,CH4,0.0,0.0,0.0,0.0,0.0,0.0,0.0,0.0,0.0,0.0,0.0,0.0,0.0,0.0,0.0,0.0,0.0,0.0,0.0,0.0,0.0
464,Pakistan,N2O,0.0,0.0,0.0,0.0,0.0,0.0,0.0,0.0,0.0,0.0,0.0,0.0,0.0,0.0,0.0,0.0,0.0,0.0,0.0,0.0,0.0
465,Pakistan,C2F6,0.0,0.0,0.0,0.0,0.0,0.0,0.0,0.0,0.0,0.0,0.0,0.0,0.0,0.0,0.0,0.0,0.0,0.0,0.0,0.0,0.0
466,Pakistan,CF4,0.0,0.0,0.0,0.0,0.0,0.0,0.0,0.0,0.0,0.0,0.0,0.0,0.0,0.0,0.0,0.0,0.0,0.0,0.0,0.0,0.0
467,Pakistan,HFC125,0.0,0.0,0.0,0.0,0.0,0.0,0.0,0.0,0.0,0.0,0.0,0.0,0.0,0.0,0.0,0.0,0.0,0.0,0.0,0.0,0.0
468,Pakistan,HFC134a,0.0,0.0,0.0,0.0,0.0,0.0,0.0,0.0,0.0,0.0,0.0,0.0,0.0,0.0,0.0,0.0,0.0,0.0,0.0,0.0,0.0
469,Pakistan,HFC245fa,0.0,0.0,0.0,0.0,0.0,0.0,0.0,0.0,0.0,0.0,0.0,0.0,0.0,0.0,0.0,0.0,0.0,0.0,0.0,0.0,0.0
470,Pakistan,SF6,0.0,0.0,0.0,0.0,0.0,0.0,0.0,0.0,0.0,0.0,0.0,0.0,0.0,0.0,0.0,0.0,0.0,0.0,0.0,0.0,0.0
471,Pakistan,CH4_AWB,0.0,0.0,0.0,0.0,0.0,0.0,0.0,0.0,0.0,0.0,0.0,0.0,0.0,0.0,0.0,0.0,0.0,0.0,0.0,0.0,0.0
472,Pakistan,CH4_AGR,0.0,0.0,0.0,0.0,0.0,0.0,0.0,0.0,0.0,0.0,0.0,0.0,0.0,0.0,0.0,0.0,0.0,0.0,0.0,0.0,0.0
473,Pakistan,N2O_AWB,0.0,0.0,0.0,0.0,0.0,0.0,0.0,0.0,0.0,0.0,0.0,0.0,0.0,0.0,0.0,0.0,0.0,0.0,0.0,0.0,0.0
474,Pakistan,N2O_AGR,0.0,0.0,0.0,0.0,0.0,0.0,0.0,0.0,0.0,0.0,0.0,0.0,0.0,0.0,0.0,0.0,0.0,0.0,0.0,0.0,0.0
475,Pakistan,CO2_LUC,0.0,0.0,0.0,0.0,0.0,0.0,0.0,0.0,0.0,0.0,0.0,0.0,0.0,0.0,0.0,0.0,0.0,0.0,0.0,0.0,0.0
476,Pakistan,HFC143a,0.0,0.0,0.0,0.0,0.0,0.0,0.0,0.0,0.0,0.0,0.0,0.0,0.0,0.0,0.0,0.0,0.0,0.0,0.0,0.0,0.0
477,Pakistan,HFC152a,0.0,0.0,0.0,0.0,0.0,0.0,0.0,0.0,0.0,0.0,0.0,0.0,0.0,0.0,0.0,0.0,0.0,0.0,0.0,0.0,0.0
478,Pakistan,HFC227ea,0.0,0.0,0.0,0.0,0.0,0.0,0.0,0.0,0.0,0.0,0.0,0.0,0.0,0.0,0.0,0.0,0.0,0.0,0.0,0.0,0.0
479,Pakistan,HFC23,0.0,0.0,0.0,0.0,0.0,0.0,0.0,0.0,0.0,0.0,0.0,0.0,0.0,0.0,0.0,0.0,0.0,0.0,0.0,0.0,0.0
480,Pakistan,HFC236fa,0.0,0.0,0.0,0.0,0.0,0.0,0.0,0.0,0.0,0.0,0.0,0.0,0.0,0.0,0.0,0.0,0.0,0.0,0.0,0.0,0.0
481,Pakistan,HFC32,0.0,0.0,0.0,0.0,0.0,0.0,0.0,0.0,0.0,0.0,0.0,0.0,0.0,0.0,0.0,0.0,0.0,0.0,0.0,0.0,0.0
482,Pakistan,HFC365mfc,0.0,0.0,0.0,0.0,0.0,0.0,0.0,0.0,0.0,0.0,0.0,0.0,0.0,0.0,0.0,0.0,0.0,0.0,0.0,0.0,0.0
483,Russia,CO2,3.666666667,3.666666667,3.666666667,3.666666667,3.666666667,3.666666667,3.666666667,3.666667,3.666667,3.666667,3.666667,3.666667,3.666667,3.666667,3.666667,3.666667,3.666667,3.666667,3.666667,3.666667,3.666667
484,Russia,CH4,25.0,25.0,25.0,25.0,25.0,25.0,25.0,0.0,0.0,0.0,0.0,0.0,0.0,0.0,0.0,0.0,0.0,0.0,0.0,0.0,0.0
485,Russia,N2O,298.0,298.0,298.0,298.0,298.0,298.0,298.0,0.0,0.0,0.0,0.0,0.0,0.0,0.0,0.0,0.0,0.0,0.0,0.0,0.0,0.0
486,Russia,C2F6,12.2,12.2,12.2,12.2,12.2,12.2,12.2,0.0,0.0,0.0,0.0,0.0,0.0,0.0,0.0,0.0,0.0,0.0,0.0,0.0,0.0
487,Russia,CF4,7.39,7.39,7.39,7.39,7.39,7.39,7.39,0.0,0.0,0.0,0.0,0.0,0.0,0.0,0.0,0.0,0.0,0.0,0.0,0.0,0.0
488,Russia,HFC125,3.5,3.5,3.5,3.5,3.5,3.5,3.5,0.0,0.0,0.0,0.0,0.0,0.0,0.0,0.0,0.0,0.0,0.0,0.0,0.0,0.0
489,Russia,HFC134a,1.43,1.43,1.43,1.43,1.43,1.43,1.43,0.0,0.0,0.0,0.0,0.0,0.0,0.0,0.0,0.0,0.0,0.0,0.0,0.0,0.0
490,Russia,HFC245fa,1.03,1.03,1.03,1.03,1.03,1.03,1.03,0.0,0.0,0.0,0.0,0.0,0.0,0.0,0.0,0.0,0.0,0.0,0.0,0.0,0.0
491,Russia,SF6,22.8,22.8,22.8,22.8,22.8,22.8,22.8,0.0,0.0,0.0,0.0,0.0,0.0,0.0,0.0,0.0,0.0,0.0,0.0,0.0,0.0
492,Russia,CH4_AWB,25.0,25.0,25.0,25.0,25.0,25.0,25.0,0.0,0.0,0.0,0.0,0.0,0.0,0.0,0.0,0.0,0.0,0.0,0.0,0.0,0.0
493,Russia,CH4_AGR,25.0,25.0,25.0,25.0,25.0,25.0,25.0,0.0,0.0,0.0,0.0,0.0,0.0,0.0,0.0,0.0,0.0,0.0,0.0,0.0,0.0
494,Russia,N2O_AWB,298.0,298.0,298.0,298.0,298.0,298.0,298.0,0.0,0.0,0.0,0.0,0.0,0.0,0.0,0.0,0.0,0.0,0.0,0.0,0.0,0.0
495,Russia,N2O_AGR,298.0,298.0,298.0,298.0,298.0,298.0,298.0,0.0,0.0,0.0,0.0,0.0,0.0,0.0,0.0,0.0,0.0,0.0,0.0,0.0,0.0
496,Russia,CO2_LUC,0.0,0.0,0.0,0.0,0.0,0.0,0.0,0.0,0.0,0.0,0.0,0.0,0.0,0.0,0.0,0.0,0.0,0.0,0.0,0.0,0.0
497,Russia,HFC143a,4.47,4.47,4.47,4.47,4.47,4.47,4.47,0.0,0.0,0.0,0.0,0.0,0.0,0.0,0.0,0.0,0.0,0.0,0.0,0.0,0.0
498,Russia,HFC152a,0.124,0.124,0.124,0.124,0.124,0.124,0.124,0.0,0.0,0.0,0.0,0.0,0.0,0.0,0.0,0.0,0.0,0.0,0.0,0.0,0.0
499,Russia,HFC227ea,3.22,3.22,3.22,3.22,3.22,3.22,3.22,0.0,0.0,0.0,0.0,0.0,0.0,0.0,0.0,0.0,0.0,0.0,0.0,0.0,0.0
500,Russia,HFC23,14.8,14.8,14.8,14.8,14.8,14.8,14.8,0.0,0.0,0.0,0.0,0.0,0.0,0.0,0.0,0.0,0.0,0.0,0.0,0.0,0.0
501,Russia,HFC236fa,9.81,9.81,9.81,9.81,9.81,9.81,9.81,0.0,0.0,0.0,0.0,0.0,0.0,0.0,0.0,0.0,0.0,0.0,0.0,0.0,0.0
502,Russia,HFC32,0.675,0.675,0.675,0.675,0.675,0.675,0.675,0.0,0.0,0.0,0.0,0.0,0.0,0.0,0.0,0.0,0.0,0.0,0.0,0.0,0.0
503,Russia,HFC365mfc,0.794,0.794,0.794,0.794,0.794,0.794,0.794,0.0,0.0,0.0,0.0,0.0,0.0,0.0,0.0,0.0,0.0,0.0,0.0,0.0,0.0
504,South Africa,CO2,3.666666667,3.666666667,3.666666667,3.666666667,3.666666667,3.666666667,3.666666667,3.666667,3.666667,3.666667,3.666667,3.666667,3.666667,3.666667,3.666667,3.666667,3.666667,3.666667,3.666667,3.666667,3.666667
505,South Africa,CH4,25.0,25.0,25.0,25.0,25.0,25.0,25.0,0.0,0.0,0.0,0.0,0.0,0.0,0.0,0.0,0.0,0.0,0.0,0.0,0.0,0.0
506,South Africa,N2O,298.0,298.0,298.0,298.0,298.0,298.0,298.0,0.0,0.0,0.0,0.0,0.0,0.0,0.0,0.0,0.0,0.0,0.0,0.0,0.0,0.0
507,South Africa,C2F6,12.2,12.2,12.2,12.2,12.2,12.2,12.2,0.0,0.0,0.0,0.0,0.0,0.0,0.0,0.0,0.0,0.0,0.0,0.0,0.0,0.0
508,South Africa,CF4,7.39,7.39,7.39,7.39,7.39,7.39,7.39,0.0,0.0,0.0,0.0,0.0,0.0,0.0,0.0,0.0,0.0,0.0,0.0,0.0,0.0
509,South Africa,HFC125,3.5,3.5,3.5,3.5,3.5,3.5,3.5,0.0,0.0,0.0,0.0,0.0,0.0,0.0,0.0,0.0,0.0,0.0,0.0,0.0,0.0
510,South Africa,HFC134a,1.43,1.43,1.43,1.43,1.43,1.43,1.43,0.0,0.0,0.0,0.0,0.0,0.0,0.0,0.0,0.0,0.0,0.0,0.0,0.0,0.0
511,South Africa,HFC245fa,1.03,1.03,1.03,1.03,1.03,1.03,1.03,0.0,0.0,0.0,0.0,0.0,0.0,0.0,0.0,0.0,0.0,0.0,0.0,0.0,0.0
512,South Africa,SF6,22.8,22.8,22.8,22.8,22.8,22.8,22.8,0.0,0.0,0.0,0.0,0.0,0.0,0.0,0.0,0.0,0.0,0.0,0.0,0.0,0.0
513,South Africa,CH4_AWB,25.0,25.0,25.0,25.0,25.0,25.0,25.0,0.0,0.0,0.0,0.0,0.0,0.0,0.0,0.0,0.0,0.0,0.0,0.0,0.0,0.0
514,South Africa,CH4_AGR,25.0,25.0,25.0,25.0,25.0,25.0,25.0,0.0,0.0,0.0,0.0,0.0,0.0,0.0,0.0,0.0,0.0,0.0,0.0,0.0,0.0
515,South Africa,N2O_AWB,298.0,298.0,298.0,298.0,298.0,298.0,298.0,0.0,0.0,0.0,0.0,0.0,0.0,0.0,0.0,0.0,0.0,0.0,0.0,0.0,0.0
516,South Africa,N2O_AGR,298.0,298.0,298.0,298.0,298.0,298.0,298.0,0.0,0.0,0.0,0.0,0.0,0.0,0.0,0.0,0.0,0.0,0.0,0.0,0.0,0.0
517,South Africa,CO2_LUC,0.0,0.0,0.0,0.0,0.0,0.0,0.0,0.0,0.0,0.0,0.0,0.0,0.0,0.0,0.0,0.0,0.0,0.0,0.0,0.0,0.0
518,South Africa,HFC143a,4.47,4.47,4.47,4.47,4.47,4.47,4.47,0.0,0.0,0.0,0.0,0.0,0.0,0.0,0.0,0.0,0.0,0.0,0.0,0.0,0.0
519,South Africa,HFC152a,0.124,0.124,0.124,0.124,0.124,0.124,0.124,0.0,0.0,0.0,0.0,0.0,0.0,0.0,0.0,0.0,0.0,0.0,0.0,0.0,0.0
520,South Africa,HFC227ea,3.22,3.22,3.22,3.22,3.22,3.22,3.22,0.0,0.0,0.0,0.0,0.0,0.0,0.0,0.0,0.0,0.0,0.0,0.0,0.0,0.0
521,South Africa,HFC23,14.8,14.8,14.8,14.8,14.8,14.8,14.8,0.0,0.0,0.0,0.0,0.0,0.0,0.0,0.0,0.0,0.0,0.0,0.0,0.0,0.0
522,South Africa,HFC236fa,9.81,9.81,9.81,9.81,9.81,9.81,9.81,0.0,0.0,0.0,0.0,0.0,0.0,0.0,0.0,0.0,0.0,0.0,0.0,0.0,0.0
523,South Africa,HFC32,0.675,0.675,0.675,0.675,0.675,0.675,0.675,0.0,0.0,0.0,0.0,0.0,0.0,0.0,0.0,0.0,0.0,0.0,0.0,0.0,0.0
524,South Africa,HFC365mfc,0.794,0.794,0.794,0.794,0.794,0.794,0.794,0.0,0.0,0.0,0.0,0.0,0.0,0.0,0.0,0.0,0.0,0.0,0.0,0.0,0.0
525,South America_Northern,CO2,3.666666667,3.666666667,3.666666667,3.666666667,3.666666667,3.666666667,3.666666667,3.666667,3.666667,3.666667,3.666667,3.666667,3.666667,3.666667,3.666667,3.666667,3.666667,3.666667,3.666667,3.666667,3.666667
526,South America_Northern,CH4,25.0,25.0,25.0,25.0,25.0,25.0,25.0,0.0,0.0,0.0,0.0,0.0,0.0,0.0,0.0,0.0,0.0,0.0,0.0,0.0,0.0
527,South America_Northern,N2O,298.0,298.0,298.0,298.0,298.0,298.0,298.0,0.0,0.0,0.0,0.0,0.0,0.0,0.0,0.0,0.0,0.0,0.0,0.0,0.0,0.0
528,South America_Northern,C2F6,12.2,12.2,12.2,12.2,12.2,12.2,12.2,0.0,0.0,0.0,0.0,0.0,0.0,0.0,0.0,0.0,0.0,0.0,0.0,0.0,0.0
529,South America_Northern,CF4,7.39,7.39,7.39,7.39,7.39,7.39,7.39,0.0,0.0,0.0,0.0,0.0,0.0,0.0,0.0,0.0,0.0,0.0,0.0,0.0,0.0
530,South America_Northern,HFC125,3.5,3.5,3.5,3.5,3.5,3.5,3.5,0.0,0.0,0.0,0.0,0.0,0.0,0.0,0.0,0.0,0.0,0.0,0.0,0.0,0.0
531,South America_Northern,HFC134a,1.43,1.43,1.43,1.43,1.43,1.43,1.43,0.0,0.0,0.0,0.0,0.0,0.0,0.0,0.0,0.0,0.0,0.0,0.0,0.0,0.0
532,South America_Northern,HFC245fa,1.03,1.03,1.03,1.03,1.03,1.03,1.03,0.0,0.0,0.0,0.0,0.0,0.0,0.0,0.0,0.0,0.0,0.0,0.0,0.0,0.0
533,South America_Northern,SF6,22.8,22.8,22.8,22.8,22.8,22.8,22.8,0.0,0.0,0.0,0.0,0.0,0.0,0.0,0.0,0.0,0.0,0.0,0.0,0.0,0.0
534,South America_Northern,CH4_AWB,25.0,25.0,25.0,25.0,25.0,25.0,25.0,0.0,0.0,0.0,0.0,0.0,0.0,0.0,0.0,0.0,0.0,0.0,0.0,0.0,0.0
535,South America_Northern,CH4_AGR,25.0,25.0,25.0,25.0,25.0,25.0,25.0,0.0,0.0,0.0,0.0,0.0,0.0,0.0,0.0,0.0,0.0,0.0,0.0,0.0,0.0
536,South America_Northern,N2O_AWB,298.0,298.0,298.0,298.0,298.0,298.0,298.0,0.0,0.0,0.0,0.0,0.0,0.0,0.0,0.0,0.0,0.0,0.0,0.0,0.0,0.0
537,South America_Northern,N2O_AGR,298.0,298.0,298.0,298.0,298.0,298.0,298.0,0.0,0.0,0.0,0.0,0.0,0.0,0.0,0.0,0.0,0.0,0.0,0.0,0.0,0.0
538,South America_Northern,CO2_LUC,0.0,0.0,0.0,0.0,0.0,0.0,0.0,0.0,0.0,0.0,0.0,0.0,0.0,0.0,0.0,0.0,0.0,0.0,0.0,0.0,0.0
539,South America_Northern,HFC143a,4.47,4.47,4.47,4.47,4.47,4.47,4.47,0.0,0.0,0.0,0.0,0.0,0.0,0.0,0.0,0.0,0.0,0.0,0.0,0.0,0.0
540,South America_Northern,HFC152a,0.124,0.124,0.124,0.124,0.124,0.124,0.124,0.0,0.0,0.0,0.0,0.0,0.0,0.0,0.0,0.0,0.0,0.0,0.0,0.0,0.0
541,South America_Northern,HFC227ea,3.22,3.22,3.22,3.22,3.22,3.22,3.22,0.0,0.0,0.0,0.0,0.0,0.0,0.0,0.0,0.0,0.0,0.0,0.0,0.0,0.0
542,South America_Northern,HFC23,14.8,14.8,14.8,14.8,14.8,14.8,14.8,0.0,0.0,0.0,0.0,0.0,0.0,0.0,0.0,0.0,0.0,0.0,0.0,0.0,0.0
543,South America_Northern,HFC236fa,9.81,9.81,9.81,9.81,9.81,9.81,9.81,0.0,0.0,0.0,0.0,0.0,0.0,0.0,0.0,0.0,0.0,0.0,0.0,0.0,0.0
544,South America_Northern,HFC32,0.675,0.675,0.675,0.675,0.675,0.675,0.675,0.0,0.0,0.0,0.0,0.0,0.0,0.0,0.0,0.0,0.0,0.0,0.0,0.0,0.0
545,South America_Northern,HFC365mfc,0.794,0.794,0.794,0.794,0.794,0.794,0.794,0.0,0.0,0.0,0.0,0.0,0.0,0.0,0.0,0.0,0.0,0.0,0.0,0.0,0.0
546,South America_Southern,CO2,3.666666667,3.666666667,3.666666667,3.666666667,3.666666667,3.666666667,3.666666667,3.666667,3.666667,3.666667,3.666667,3.666667,3.666667,3.666667,3.666667,3.666667,3.666667,3.666667,3.666667,3.666667,3.666667
547,South America_Southern,CH4,25.0,25.0,25.0,25.0,25.0,25.0,25.0,0.0,0.0,0.0,0.0,0.0,0.0,0.0,0.0,0.0,0.0,0.0,0.0,0.0,0.0
548,South America_Southern,N2O,298.0,298.0,298.0,298.0,298.0,298.0,298.0,0.0,0.0,0.0,0.0,0.0,0.0,0.0,0.0,0.0,0.0,0.0,0.0,0.0,0.0
549,South America_Southern,C2F6,12.2,12.2,12.2,12.2,12.2,12.2,12.2,0.0,0.0,0.0,0.0,0.0,0.0,0.0,0.0,0.0,0.0,0.0,0.0,0.0,0.0
550,South America_Southern,CF4,7.39,7.39,7.39,7.39,7.39,7.39,7.39,0.0,0.0,0.0,0.0,0.0,0.0,0.0,0.0,0.0,0.0,0.0,0.0,0.0,0.0
551,South America_Southern,HFC125,3.5,3.5,3.5,3.5,3.5,3.5,3.5,0.0,0.0,0.0,0.0,0.0,0.0,0.0,0.0,0.0,0.0,0.0,0.0,0.0,0.0
552,South America_Southern,HFC134a,1.43,1.43,1.43,1.43,1.43,1.43,1.43,0.0,0.0,0.0,0.0,0.0,0.0,0.0,0.0,0.0,0.0,0.0,0.0,0.0,0.0
553,South America_Southern,HFC245fa,1.03,1.03,1.03,1.03,1.03,1.03,1.03,0.0,0.0,0.0,0.0,0.0,0.0,0.0,0.0,0.0,0.0,0.0,0.0,0.0,0.0
554,South America_Southern,SF6,22.8,22.8,22.8,22.8,22.8,22.8,22.8,0.0,0.0,0.0,0.0,0.0,0.0,0.0,0.0,0.0,0.0,0.0,0.0,0.0,0.0
555,South America_Southern,CH4_AWB,25.0,25.0,25.0,25.0,25.0,25.0,25.0,0.0,0.0,0.0,0.0,0.0,0.0,0.0,0.0,0.0,0.0,0.0,0.0,0.0,0.0
556,South America_Southern,CH4_AGR,25.0,25.0,25.0,25.0,25.0,25.0,25.0,0.0,0.0,0.0,0.0,0.0,0.0,0.0,0.0,0.0,0.0,0.0,0.0,0.0,0.0
557,South America_Southern,N2O_AWB,298.0,298.0,298.0,298.0,298.0,298.0,298.0,0.0,0.0,0.0,0.0,0.0,0.0,0.0,0.0,0.0,0.0,0.0,0.0,0.0,0.0
558,South America_Southern,N2O_AGR,298.0,298.0,298.0,298.0,298.0,298.0,298.0,0.0,0.0,0.0,0.0,0.0,0.0,0.0,0.0,0.0,0.0,0.0,0.0,0.0,0.0
559,South America_Southern,CO2_LUC,0.0,0.0,0.0,0.0,0.0,0.0,0.0,0.0,0.0,0.0,0.0,0.0,0.0,0.0,0.0,0.0,0.0,0.0,0.0,0.0,0.0
560,South America_Southern,HFC143a,4.47,4.47,4.47,4.47,4.47,4.47,4.47,0.0,0.0,0.0,0.0,0.0,0.0,0.0,0.0,0.0,0.0,0.0,0.0,0.0,0.0
561,South America_Southern,HFC152a,0.124,0.124,0.124,0.124,0.124,0.124,0.124,0.0,0.0,0.0,0.0,0.0,0.0,0.0,0.0,0.0,0.0,0.0,0.0,0.0,0.0
562,South America_Southern,HFC227ea,3.22,3.22,3.22,3.22,3.22,3.22,3.22,0.0,0.0,0.0,0.0,0.0,0.0,0.0,0.0,0.0,0.0,0.0,0.0,0.0,0.0
563,South America_Southern,HFC23,14.8,14.8,14.8,14.8,14.8,14.8,14.8,0.0,0.0,0.0,0.0,0.0,0.0,0.0,0.0,0.0,0.0,0.0,0.0,0.0,0.0
564,South America_Southern,HFC236fa,9.81,9.81,9.81,9.81,9.81,9.81,9.81,0.0,0.0,0.0,0.0,0.0,0.0,0.0,0.0,0.0,0.0,0.0,0.0,0.0,0.0
565,South America_Southern,HFC32,0.675,0.675,0.675,0.675,0.675,0.675,0.675,0.0,0.0,0.0,0.0,0.0,0.0,0.0,0.0,0.0,0.0,0.0,0.0,0.0,0.0
566,South America_Southern,HFC365mfc,0.794,0.794,0.794,0.794,0.794,0.794,0.794,0.0,0.0,0.0,0.0,0.0,0.0,0.0,0.0,0.0,0.0,0.0,0.0,0.0,0.0
567,South Asia,CO2,3.666666667,3.666666667,3.666666667,3.666666667,3.666666667,3.666666667,3.666666667,3.666667,3.666667,3.666667,3.666667,3.666667,3.666667,3.666667,3.666667,3.666667,3.666667,3.666667,3.666667,3.666667,3.666667
568,South Asia,CH4,25.0,25.0,25.0,25.0,25.0,25.0,25.0,0.0,0.0,0.0,0.0,0.0,0.0,0.0,0.0,0.0,0.0,0.0,0.0,0.0,0.0
569,South Asia,N2O,298.0,298.0,298.0,298.0,298.0,298.0,298.0,0.0,0.0,0.0,0.0,0.0,0.0,0.0,0.0,0.0,0.0,0.0,0.0,0.0,0.0
570,South Asia,C2F6,12.2,12.2,12.2,12.2,12.2,12.2,12.2,0.0,0.0,0.0,0.0,0.0,0.0,0.0,0.0,0.0,0.0,0.0,0.0,0.0,0.0
571,South Asia,CF4,7.39,7.39,7.39,7.39,7.39,7.39,7.39,0.0,0.0,0.0,0.0,0.0,0.0,0.0,0.0,0.0,0.0,0.0,0.0,0.0,0.0
572,South Asia,HFC125,3.5,3.5,3.5,3.5,3.5,3.5,3.5,0.0,0.0,0.0,0.0,0.0,0.0,0.0,0.0,0.0,0.0,0.0,0.0,0.0,0.0
573,South Asia,HFC134a,1.43,1.43,1.43,1.43,1.43,1.43,1.43,0.0,0.0,0.0,0.0,0.0,0.0,0.0,0.0,0.0,0.0,0.0,0.0,0.0,0.0
574,South Asia,HFC245fa,1.03,1.03,1.03,1.03,1.03,1.03,1.03,0.0,0.0,0.0,0.0,0.0,0.0,0.0,0.0,0.0,0.0,0.0,0.0,0.0,0.0
575,South Asia,SF6,22.8,22.8,22.8,22.8,22.8,22.8,22.8,0.0,0.0,0.0,0.0,0.0,0.0,0.0,0.0,0.0,0.0,0.0,0.0,0.0,0.0
576,South Asia,CH4_AWB,25.0,25.0,25.0,25.0,25.0,25.0,25.0,0.0,0.0,0.0,0.0,0.0,0.0,0.0,0.0,0.0,0.0,0.0,0.0,0.0,0.0
577,South Asia,CH4_AGR,25.0,25.0,25.0,25.0,25.0,25.0,25.0,0.0,0.0,0.0,0.0,0.0,0.0,0.0,0.0,0.0,0.0,0.0,0.0,0.0,0.0
578,South Asia,N2O_AWB,298.0,298.0,298.0,298.0,298.0,298.0,298.0,0.0,0.0,0.0,0.0,0.0,0.0,0.0,0.0,0.0,0.0,0.0,0.0,0.0,0.0
579,South Asia,N2O_AGR,298.0,298.0,298.0,298.0,298.0,298.0,298.0,0.0,0.0,0.0,0.0,0.0,0.0,0.0,0.0,0.0,0.0,0.0,0.0,0.0,0.0
580,South Asia,CO2_LUC,0.0,0.0,0.0,0.0,0.0,0.0,0.0,0.0,0.0,0.0,0.0,0.0,0.0,0.0,0.0,0.0,0.0,0.0,0.0,0.0,0.0
581,South Asia,HFC143a,4.47,4.47,4.47,4.47,4.47,4.47,4.47,0.0,0.0,0.0,0.0,0.0,0.0,0.0,0.0,0.0,0.0,0.0,0.0,0.0,0.0
582,South Asia,HFC152a,0.124,0.124,0.124,0.124,0.124,0.124,0.124,0.0,0.0,0.0,0.0,0.0,0.0,0.0,0.0,0.0,0.0,0.0,0.0,0.0,0.0
583,South Asia,HFC227ea,3.22,3.22,3.22,3.22,3.22,3.22,3.22,0.0,0.0,0.0,0.0,0.0,0.0,0.0,0.0,0.0,0.0,0.0,0.0,0.0,0.0
584,South Asia,HFC23,14.8,14.8,14.8,14.8,14.8,14.8,14.8,0.0,0.0,0.0,0.0,0.0,0.0,0.0,0.0,0.0,0.0,0.0,0.0,0.0,0.0
585,South Asia,HFC236fa,9.81,9.81,9.81,9.81,9.81,9.81,9.81,0.0,0.0,0.0,0.0,0.0,0.0,0.0,0.0,0.0,0.0,0.0,0.0,0.0,0.0
586,South Asia,HFC32,0.675,0.675,0.675,0.675,0.675,0.675,0.675,0.0,0.0,0.0,0.0,0.0,0.0,0.0,0.0,0.0,0.0,0.0,0.0,0.0,0.0
587,South Asia,HFC365mfc,0.794,0.794,0.794,0.794,0.794,0.794,0.794,0.0,0.0,0.0,0.0,0.0,0.0,0.0,0.0,0.0,0.0,0.0,0.0,0.0,0.0
588,South Korea,CO2,3.666666667,3.666666667,3.666666667,3.666666667,3.666666667,3.666666667,3.666666667,3.666667,3.666667,3.666667,3.666667,3.666667,3.666667,3.666667,3.666667,3.666667,3.666667,3.666667,3.666667,3.666667,3.666667
589,South Korea,CH4,25.0,25.0,25.0,25.0,25.0,25.0,25.0,0.0,0.0,0.0,0.0,0.0,0.0,0.0,0.0,0.0,0.0,0.0,0.0,0.0,0.0
590,South Korea,N2O,298.0,298.0,298.0,298.0,298.0,298.0,298.0,0.0,0.0,0.0,0.0,0.0,0.0,0.0,0.0,0.0,0.0,0.0,0.0,0.0,0.0
591,South Korea,C2F6,12.2,12.2,12.2,12.2,12.2,12.2,12.2,0.0,0.0,0.0,0.0,0.0,0.0,0.0,0.0,0.0,0.0,0.0,0.0,0.0,0.0
592,South Korea,CF4,7.39,7.39,7.39,7.39,7.39,7.39,7.39,0.0,0.0,0.0,0.0,0.0,0.0,0.0,0.0,0.0,0.0,0.0,0.0,0.0,0.0
593,South Korea,HFC125,3.5,3.5,3.5,3.5,3.5,3.5,3.5,0.0,0.0,0.0,0.0,0.0,0.0,0.0,0.0,0.0,0.0,0.0,0.0,0.0,0.0
594,South Korea,HFC134a,1.43,1.43,1.43,1.43,1.43,1.43,1.43,0.0,0.0,0.0,0.0,0.0,0.0,0.0,0.0,0.0,0.0,0.0,0.0,0.0,0.0
595,South Korea,HFC245fa,1.03,1.03,1.03,1.03,1.03,1.03,1.03,0.0,0.0,0.0,0.0,0.0,0.0,0.0,0.0,0.0,0.0,0.0,0.0,0.0,0.0
596,South Korea,SF6,22.8,22.8,22.8,22.8,22.8,22.8,22.8,0.0,0.0,0.0,0.0,0.0,0.0,0.0,0.0,0.0,0.0,0.0,0.0,0.0,0.0
597,South Korea,CH4_AWB,25.0,25.0,25.0,25.0,25.0,25.0,25.0,0.0,0.0,0.0,0.0,0.0,0.0,0.0,0.0,0.0,0.0,0.0,0.0,0.0,0.0
598,South Korea,CH4_AGR,25.0,25.0,25.0,25.0,25.0,25.0,25.0,0.0,0.0,0.0,0.0,0.0,0.0,0.0,0.0,0.0,0.0,0.0,0.0,0.0,0.0
599,South Korea,N2O_AWB,298.0,298.0,298.0,298.0,298.0,298.0,298.0,0.0,0.0,0.0,0.0,0.0,0.0,0.0,0.0,0.0,0.0,0.0,0.0,0.0,0.0
600,South Korea,N2O_AGR,298.0,298.0,298.0,298.0,298.0,298.0,298.0,0.0,0.0,0.0,0.0,0.0,0.0,0.0,0.0,0.0,0.0,0.0,0.0,0.0,0.0
601,South Korea,CO2_LUC,0.0,0.0,0.0,0.0,0.0,0.0,0.0,0.0,0.0,0.0,0.0,0.0,0.0,0.0,0.0,0.0,0.0,0.0,0.0,0.0,0.0
602,South Korea,HFC143a,4.47,4.47,4.47,4.47,4.47,4.47,4.47,0.0,0.0,0.0,0.0,0.0,0.0,0.0,0.0,0.0,0.0,0.0,0.0,0.0,0.0
603,South Korea,HFC152a,0.124,0.124,0.124,0.124,0.124,0.124,0.124,0.0,0.0,0.0,0.0,0.0,0.0,0.0,0.0,0.0,0.0,0.0,0.0,0.0,0.0
604,South Korea,HFC227ea,3.22,3.22,3.22,3.22,3.22,3.22,3.22,0.0,0.0,0.0,0.0,0.0,0.0,0.0,0.0,0.0,0.0,0.0,0.0,0.0,0.0
605,South Korea,HFC23,14.8,14.8,14.8,14.8,14.8,14.8,14.8,0.0,0.0,0.0,0.0,0.0,0.0,0.0,0.0,0.0,0.0,0.0,0.0,0.0,0.0
606,South Korea,HFC236fa,9.81,9.81,9.81,9.81,9.81,9.81,9.81,0.0,0.0,0.0,0.0,0.0,0.0,0.0,0.0,0.0,0.0,0.0,0.0,0.0,0.0
607,South Korea,HFC32,0.675,0.675,0.675,0.675,0.675,0.675,0.675,0.0,0.0,0.0,0.0,0.0,0.0,0.0,0.0,0.0,0.0,0.0,0.0,0.0,0.0
608,South Korea,HFC365mfc,0.794,0.794,0.794,0.794,0.794,0.794,0.794,0.0,0.0,0.0,0.0,0.0,0.0,0.0,0.0,0.0,0.0,0.0,0.0,0.0,0.0
609,Southeast Asia,CO2,3.666666667,3.666666667,3.666666667,3.666666667,3.666666667,3.666666667,3.666666667,3.666667,3.666667,3.666667,3.666667,3.666667,3.666667,3.666667,3.666667,3.666667,3.666667,3.666667,3.666667,3.666667,3.666667
610,Southeast Asia,CH4,25.0,25.0,25.0,25.0,25.0,25.0,25.0,0.0,0.0,0.0,0.0,0.0,0.0,0.0,0.0,0.0,0.0,0.0,0.0,0.0,0.0
611,Southeast Asia,N2O,298.0,298.0,298.0,298.0,298.0,298.0,298.0,0.0,0.0,0.0,0.0,0.0,0.0,0.0,0.0,0.0,0.0,0.0,0.0,0.0,0.0
612,Southeast Asia,C2F6,12.2,12.2,12.2,12.2,12.2,12.2,12.2,0.0,0.0,0.0,0.0,0.0,0.0,0.0,0.0,0.0,0.0,0.0,0.0,0.0,0.0
613,Southeast Asia,CF4,7.39,7.39,7.39,7.39,7.39,7.39,7.39,0.0,0.0,0.0,0.0,0.0,0.0,0.0,0.0,0.0,0.0,0.0,0.0,0.0,0.0
614,Southeast Asia,HFC125,3.5,3.5,3.5,3.5,3.5,3.5,3.5,0.0,0.0,0.0,0.0,0.0,0.0,0.0,0.0,0.0,0.0,0.0,0.0,0.0,0.0
615,Southeast Asia,HFC134a,1.43,1.43,1.43,1.43,1.43,1.43,1.43,0.0,0.0,0.0,0.0,0.0,0.0,0.0,0.0,0.0,0.0,0.0,0.0,0.0,0.0
616,Southeast Asia,HFC245fa,1.03,1.03,1.03,1.03,1.03,1.03,1.03,0.0,0.0,0.0,0.0,0.0,0.0,0.0,0.0,0.0,0.0,0.0,0.0,0.0,0.0
617,Southeast Asia,SF6,22.8,22.8,22.8,22.8,22.8,22.8,22.8,0.0,0.0,0.0,0.0,0.0,0.0,0.0,0.0,0.0,0.0,0.0,0.0,0.0,0.0
618,Southeast Asia,CH4_AWB,25.0,25.0,25.0,25.0,25.0,25.0,25.0,0.0,0.0,0.0,0.0,0.0,0.0,0.0,0.0,0.0,0.0,0.0,0.0,0.0,0.0
619,Southeast Asia,CH4_AGR,25.0,25.0,25.0,25.0,25.0,25.0,25.0,0.0,0.0,0.0,0.0,0.0,0.0,0.0,0.0,0.0,0.0,0.0,0.0,0.0,0.0
620,Southeast Asia,N2O_AWB,298.0,298.0,298.0,298.0,298.0,298.0,298.0,0.0,0.0,0.0,0.0,0.0,0.0,0.0,0.0,0.0,0.0,0.0,0.0,0.0,0.0
621,Southeast Asia,N2O_AGR,298.0,298.0,298.0,298.0,298.0,298.0,298.0,0.0,0.0,0.0,0.0,0.0,0.0,0.0,0.0,0.0,0.0,0.0,0.0,0.0,0.0
622,Southeast Asia,CO2_LUC,0.0,0.0,0.0,0.0,0.0,0.0,0.0,0.0,0.0,0.0,0.0,0.0,0.0,0.0,0.0,0.0,0.0,0.0,0.0,0.0,0.0
623,Southeast Asia,HFC143a,4.47,4.47,4.47,4.47,4.47,4.47,4.47,0.0,0.0,0.0,0.0,0.0,0.0,0.0,0.0,0.0,0.0,0.0,0.0,0.0,0.0
624,Southeast Asia,HFC152a,0.124,0.124,0.124,0.124,0.124,0.124,0.124,0.0,0.0,0.0,0.0,0.0,0.0,0.0,0.0,0.0,0.0,0.0,0.0,0.0,0.0
625,Southeast Asia,HFC227ea,3.22,3.22,3.22,3.22,3.22,3.22,3.22,0.0,0.0,0.0,0.0,0.0,0.0,0.0,0.0,0.0,0.0,0.0,0.0,0.0,0.0
626,Southeast Asia,HFC23,14.8,14.8,14.8,14.8,14.8,14.8,14.8,0.0,0.0,0.0,0.0,0.0,0.0,0.0,0.0,0.0,0.0,0.0,0.0,0.0,0.0
627,Southeast Asia,HFC236fa,9.81,9.81,9.81,9.81,9.81,9.81,9.81,0.0,0.0,0.0,0.0,0.0,0.0,0.0,0.0,0.0,0.0,0.0,0.0,0.0,0.0
628,Southeast Asia,HFC32,0.675,0.675,0.675,0.675,0.675,0.675,0.675,0.0,0.0,0.0,0.0,0.0,0.0,0.0,0.0,0.0,0.0,0.0,0.0,0.0,0.0
629,Southeast Asia,HFC365mfc,0.794,0.794,0.794,0.794,0.794,0.794,0.794,0.0,0.0,0.0,0.0,0.0,0.0,0.0,0.0,0.0,0.0,0.0,0.0,0.0,0.0
630,Taiwan,CO2,3.666666667,3.666666667,3.666666667,3.666666667,3.666666667,3.666666667,3.666666667,3.666667,3.666667,3.666667,3.666667,3.666667,3.666667,3.666667,3.666667,3.666667,3.666667,3.666667,3.666667,3.666667,3.666667
631,Taiwan,CH4,0.0,0.0,0.0,0.0,0.0,0.0,0.0,0.0,0.0,0.0,0.0,0.0,0.0,0.0,0.0,0.0,0.0,0.0,0.0,0.0,0.0
632,Taiwan,N2O,0.0,0.0,0.0,0.0,0.0,0.0,0.0,0.0,0.0,0.0,0.0,0.0,0.0,0.0,0.0,0.0,0.0,0.0,0.0,0.0,0.0
633,Taiwan,C2F6,0.0,0.0,0.0,0.0,0.0,0.0,0.0,0.0,0.0,0.0,0.0,0.0,0.0,0.0,0.0,0.0,0.0,0.0,0.0,0.0,0.0
634,Taiwan,CF4,0.0,0.0,0.0,0.0,0.0,0.0,0.0,0.0,0.0,0.0,0.0,0.0,0.0,0.0,0.0,0.0,0.0,0.0,0.0,0.0,0.0
635,Taiwan,HFC125,0.0,0.0,0.0,0.0,0.0,0.0,0.0,0.0,0.0,0.0,0.0,0.0,0.0,0.0,0.0,0.0,0.0,0.0,0.0,0.0,0.0
636,Taiwan,HFC134a,0.0,0.0,0.0,0.0,0.0,0.0,0.0,0.0,0.0,0.0,0.0,0.0,0.0,0.0,0.0,0.0,0.0,0.0,0.0,0.0,0.0
637,Taiwan,HFC245fa,0.0,0.0,0.0,0.0,0.0,0.0,0.0,0.0,0.0,0.0,0.0,0.0,0.0,0.0,0.0,0.0,0.0,0.0,0.0,0.0,0.0
638,Taiwan,SF6,0.0,0.0,0.0,0.0,0.0,0.0,0.0,0.0,0.0,0.0,0.0,0.0,0.0,0.0,0.0,0.0,0.0,0.0,0.0,0.0,0.0
639,Taiwan,CH4_AWB,0.0,0.0,0.0,0.0,0.0,0.0,0.0,0.0,0.0,0.0,0.0,0.0,0.0,0.0,0.0,0.0,0.0,0.0,0.0,0.0,0.0
640,Taiwan,CH4_AGR,0.0,0.0,0.0,0.0,0.0,0.0,0.0,0.0,0.0,0.0,0.0,0.0,0.0,0.0,0.0,0.0,0.0,0.0,0.0,0.0,0.0
641,Taiwan,N2O_AWB,0.0,0.0,0.0,0.0,0.0,0.0,0.0,0.0,0.0,0.0,0.0,0.0,0.0,0.0,0.0,0.0,0.0,0.0,0.0,0.0,0.0
642,Taiwan,N2O_AGR,0.0,0.0,0.0,0.0,0.0,0.0,0.0,0.0,0.0,0.0,0.0,0.0,0.0,0.0,0.0,0.0,0.0,0.0,0.0,0.0,0.0
643,Taiwan,CO2_LUC,0.0,0.0,0.0,0.0,0.0,0.0,0.0,0.0,0.0,0.0,0.0,0.0,0.0,0.0,0.0,0.0,0.0,0.0,0.0,0.0,0.0
644,Taiwan,HFC143a,0.0,0.0,0.0,0.0,0.0,0.0,0.0,0.0,0.0,0.0,0.0,0.0,0.0,0.0,0.0,0.0,0.0,0.0,0.0,0.0,0.0
645,Taiwan,HFC152a,0.0,0.0,0.0,0.0,0.0,0.0,0.0,0.0,0.0,0.0,0.0,0.0,0.0,0.0,0.0,0.0,0.0,0.0,0.0,0.0,0.0
646,Taiwan,HFC227ea,0.0,0.0,0.0,0.0,0.0,0.0,0.0,0.0,0.0,0.0,0.0,0.0,0.0,0.0,0.0,0.0,0.0,0.0,0.0,0.0,0.0
647,Taiwan,HFC23,0.0,0.0,0.0,0.0,0.0,0.0,0.0,0.0,0.0,0.0,0.0,0.0,0.0,0.0,0.0,0.0,0.0,0.0,0.0,0.0,0.0
648,Taiwan,HFC236fa,0.0,0.0,0.0,0.0,0.0,0.0,0.0,0.0,0.0,0.0,0.0,0.0,0.0,0.0,0.0,0.0,0.0,0.0,0.0,0.0,0.0
649,Taiwan,HFC32,0.0,0.0,0.0,0.0,0.0,0.0,0.0,0.0,0.0,0.0,0.0,0.0,0.0,0.0,0.0,0.0,0.0,0.0,0.0,0.0,0.0
650,Taiwan,HFC365mfc,0.0,0.0,0.0,0.0,0.0,0.0,0.0,0.0,0.0,0.0,0.0,0.0,0.0,0.0,0.0,0.0,0.0,0.0,0.0,0.0,0.0
651,USA,CO2,3.666666667,3.666666667,3.666666667,3.666666667,3.666666667,3.666666667,3.666666667,3.666667,3.666667,3.666667,3.666667,3.666667,3.666667,3.666667,3.666667,3.666667,3.666667,3.666667,3.666667,3.666667,3.666667
652,USA,CH4,25.0,25.0,25.0,25.0,25.0,25.0,25.0,0.0,0.0,0.0,0.0,0.0,0.0,0.0,0.0,0.0,0.0,0.0,0.0,0.0,0.0
653,USA,N2O,298.0,298.0,298.0,298.0,298.0,298.0,298.0,0.0,0.0,0.0,0.0,0.0,0.0,0.0,0.0,0.0,0.0,0.0,0.0,0.0,0.0
654,USA,C2F6,12.2,12.2,12.2,12.2,12.2,12.2,12.2,0.0,0.0,0.0,0.0,0.0,0.0,0.0,0.0,0.0,0.0,0.0,0.0,0.0,0.0
655,USA,CF4,7.39,7.39,7.39,7.39,7.39,7.39,7.39,0.0,0.0,0.0,0.0,0.0,0.0,0.0,0.0,0.0,0.0,0.0,0.0,0.0,0.0
656,USA,HFC125,3.5,3.5,3.5,3.5,3.5,3.5,3.5,0.0,0.0,0.0,0.0,0.0,0.0,0.0,0.0,0.0,0.0,0.0,0.0,0.0,0.0
657,USA,HFC134a,1.43,1.43,1.43,1.43,1.43,1.43,1.43,0.0,0.0,0.0,0.0,0.0,0.0,0.0,0.0,0.0,0.0,0.0,0.0,0.0,0.0
658,USA,HFC245fa,1.03,1.03,1.03,1.03,1.03,1.03,1.03,0.0,0.0,0.0,0.0,0.0,0.0,0.0,0.0,0.0,0.0,0.0,0.0,0.0,0.0
659,USA,SF6,22.8,22.8,22.8,22.8,22.8,22.8,22.8,0.0,0.0,0.0,0.0,0.0,0.0,0.0,0.0,0.0,0.0,0.0,0.0,0.0,0.0
660,USA,CH4_AWB,25.0,25.0,25.0,25.0,25.0,25.0,25.0,0.0,0.0,0.0,0.0,0.0,0.0,0.0,0.0,0.0,0.0,0.0,0.0,0.0,0.0
661,USA,CH4_AGR,25.0,25.0,25.0,25.0,25.0,25.0,25.0,0.0,0.0,0.0,0.0,0.0,0.0,0.0,0.0,0.0,0.0,0.0,0.0,0.0,0.0
662,USA,N2O_AWB,298.0,298.0,298.0,298.0,298.0,298.0,298.0,0.0,0.0,0.0,0.0,0.0,0.0,0.0,0.0,0.0,0.0,0.0,0.0,0.0,0.0
663,USA,N2O_AGR,298.0,298.0,298.0,298.0,298.0,298.0,298.0,0.0,0.0,0.0,0.0,0.0,0.0,0.0,0.0,0.0,0.0,0.0,0.0,0.0,0.0
664,USA,CO2_LUC,0.0,0.0,0.0,0.0,0.0,0.0,0.0,0.0,0.0,0.0,0.0,0.0,0.0,0.0,0.0,0.0,0.0,0.0,0.0,0.0,0.0
665,USA,HFC143a,4.47,4.47,4.47,4.47,4.47,4.47,4.47,0.0,0.0,0.0,0.0,0.0,0.0,0.0,0.0,0.0,0.0,0.0,0.0,0.0,0.0
666,USA,HFC152a,0.124,0.124,0.124,0.124,0.124,0.124,0.124,0.0,0.0,0.0,0.0,0.0,0.0,0.0,0.0,0.0,0.0,0.0,0.0,0.0,0.0
667,USA,HFC227ea,3.22,3.22,3.22,3.22,3.22,3.22,3.22,0.0,0.0,0.0,0.0,0.0,0.0,0.0,0.0,0.0,0.0,0.0,0.0,0.0,0.0
668,USA,HFC23,14.8,14.8,14.8,14.8,14.8,14.8,14.8,0.0,0.0,0.0,0.0,0.0,0.0,0.0,0.0,0.0,0.0,0.0,0.0,0.0,0.0
669,USA,HFC236fa,9.81,9.81,9.81,9.81,9.81,9.81,9.81,0.0,0.0,0.0,0.0,0.0,0.0,0.0,0.0,0.0,0.0,0.0,0.0,0.0,0.0
670,USA,HFC32,0.675,0.675,0.675,0.675,0.675,0.675,0.675,0.0,0.0,0.0,0.0,0.0,0.0,0.0,0.0,0.0,0.0,0.0,0.0,0.0,0.0
671,USA,HFC365mfc,0.794,0.794,0.794,0.794,0.794,0.794,0.794,0.0,0.0,0.0,0.0,0.0,0.0,0.0,0.0,0.0,0.0,0.0,0.0,0.0,0.0
